timestamp,datetime,locomotive_id,event,from_location,to_location,purpose
360.0,2025-12-01T06:00:00+00:00,LOCO_01,MOVING,track_19,collection1,
420.0,2025-12-01T07:00:00+00:00,LOCO_01,ALLOCATED,,,batch_transport
433.0,2025-12-01T07:13:00+00:00,LOCO_01,MOVING,collection1,retrofit1,
495.0,2025-12-01T08:15:00+00:00,LOCO_02,MOVING,track_19,retrofit1,
495.0,2025-12-01T08:15:00+00:00,LOCO_03,MOVING,track_19,retrofit1,
495.0,2025-12-01T08:15:00+00:00,LOCO_04,MOVING,track_19,retrofit1,
503.0,2025-12-01T08:23:00+00:00,LOCO_02,MOVING,retrofit1,WS_01,
503.0,2025-12-01T08:23:00+00:00,LOCO_03,MOVING,retrofit1,WS_02,
503.0,2025-12-01T08:23:00+00:00,LOCO_04,MOVING,retrofit1,WS_03,
514.0,2025-12-01T08:34:00+00:00,LOCO_02,MOVING,WS_01,track_19,
514.0,2025-12-01T08:34:00+00:00,LOCO_03,MOVING,WS_02,track_19,
514.0,2025-12-01T08:34:00+00:00,LOCO_04,MOVING,WS_03,track_19,
526.0,2025-12-01T08:46:00+00:00,LOCO_01,MOVING,retrofit1,track_19,
531.0,2025-12-01T08:51:00+00:00,LOCO_01,PARKING,,,
574.5,2025-12-01T09:34:30+00:00,LOCO_02,MOVING,track_19,WS_01,
574.5,2025-12-01T09:34:30+00:00,LOCO_03,MOVING,track_19,WS_02,
574.5,2025-12-01T09:34:30+00:00,LOCO_04,MOVING,track_19,WS_03,
581.5,2025-12-01T09:41:30+00:00,LOCO_02,MOVING,WS_01,retrofitted1,
581.5,2025-12-01T09:41:30+00:00,LOCO_03,MOVING,WS_02,retrofitted1,
581.5,2025-12-01T09:41:30+00:00,LOCO_04,MOVING,WS_03,retrofitted1,
586.5,2025-12-01T09:46:30+00:00,LOCO_02,MOVING,retrofitted1,track_19,
586.5,2025-12-01T09:46:30+00:00,LOCO_03,MOVING,retrofitted1,track_19,
586.5,2025-12-01T09:46:30+00:00,LOCO_04,MOVING,retrofitted1,track_19,
586.5,2025-12-01T09:46:30+00:00,LOCO_01,ALLOCATED,,,batch_transport
586.5,2025-12-01T09:46:30+00:00,LOCO_01,MOVING,track_19,retrofitted1,
595.5,2025-12-01T09:55:30+00:00,LOCO_01,MOVING,retrofitted1,parking10,
648.0,2025-12-01T10:48:00+00:00,LOCO_02,MOVING,track_19,collection1,
661.0,2025-12-01T11:01:00+00:00,LOCO_01,MOVING,parking10,track_19,
708.0,2025-12-01T11:48:00+00:00,LOCO_02,ALLOCATED,,,batch_transport
741.0,2025-12-01T12:21:00+00:00,LOCO_02,MOVING,collection1,retrofit1,
803.0,2025-12-01T13:23:00+00:00,LOCO_03,MOVING,track_19,retrofit1,
803.0,2025-12-01T13:23:00+00:00,LOCO_04,MOVING,track_19,retrofit1,
803.0,2025-12-01T13:23:00+00:00,LOCO_01,MOVING,track_19,retrofit1,
811.0,2025-12-01T13:31:00+00:00,LOCO_03,MOVING,retrofit1,WS_01,
811.0,2025-12-01T13:31:00+00:00,LOCO_04,MOVING,retrofit1,WS_02,
811.0,2025-12-01T13:31:00+00:00,LOCO_01,MOVING,retrofit1,WS_03,
822.0,2025-12-01T13:42:00+00:00,LOCO_03,MOVING,WS_01,track_19,
822.0,2025-12-01T13:42:00+00:00,LOCO_04,MOVING,WS_02,track_19,
822.0,2025-12-01T13:42:00+00:00,LOCO_01,MOVING,WS_03,track_19,
882.5,2025-12-01T14:42:30+00:00,LOCO_03,MOVING,track_19,WS_01,
882.5,2025-12-01T14:42:30+00:00,LOCO_04,MOVING,track_19,WS_02,
882.5,2025-12-01T14:42:30+00:00,LOCO_01,MOVING,track_19,WS_03,
889.5,2025-12-01T14:49:30+00:00,LOCO_03,MOVING,WS_01,retrofitted1,
889.5,2025-12-01T14:49:30+00:00,LOCO_04,MOVING,WS_02,retrofitted1,
889.5,2025-12-01T14:49:30+00:00,LOCO_01,MOVING,WS_03,retrofitted1,
894.0,2025-12-01T14:54:00+00:00,LOCO_02,MOVING,retrofit1,track_19,
894.5,2025-12-01T14:54:30+00:00,LOCO_03,MOVING,retrofitted1,track_19,
894.5,2025-12-01T14:54:30+00:00,LOCO_04,MOVING,retrofitted1,track_19,
894.5,2025-12-01T14:54:30+00:00,LOCO_01,MOVING,retrofitted1,track_19,
899.0,2025-12-01T14:59:00+00:00,LOCO_02,PARKING,,,
899.0,2025-12-01T14:59:00+00:00,LOCO_02,ALLOCATED,,,batch_transport
899.0,2025-12-01T14:59:00+00:00,LOCO_02,MOVING,track_19,retrofitted1,
899.5,2025-12-01T14:59:30+00:00,LOCO_03,MOVING,track_19,collection1,
901.5,2025-12-01T15:01:30+00:00,LOCO_04,MOVING,track_19,retrofit1,
901.5,2025-12-01T15:01:30+00:00,LOCO_01,MOVING,track_19,retrofit1,
908.0,2025-12-01T15:08:00+00:00,LOCO_02,MOVING,retrofitted1,parking11,
909.5,2025-12-01T15:09:30+00:00,LOCO_04,MOVING,retrofit1,WS_01,
909.5,2025-12-01T15:09:30+00:00,LOCO_01,MOVING,retrofit1,WS_02,
920.5,2025-12-01T15:20:30+00:00,LOCO_04,MOVING,WS_01,track_19,
920.5,2025-12-01T15:20:30+00:00,LOCO_01,MOVING,WS_02,track_19,
927.5,2025-12-01T15:27:30+00:00,LOCO_04,MOVING,track_19,retrofit1,
935.5,2025-12-01T15:35:30+00:00,LOCO_04,MOVING,retrofit1,WS_03,
936.0,2025-12-01T15:36:00+00:00,LOCO_01,MOVING,track_19,collection2,
946.5,2025-12-01T15:46:30+00:00,LOCO_04,MOVING,WS_03,track_19,
959.5,2025-12-01T15:59:30+00:00,LOCO_03,ALLOCATED,,,batch_transport
973.5,2025-12-01T16:13:30+00:00,LOCO_02,MOVING,parking11,track_19,
981.0,2025-12-01T16:21:00+00:00,LOCO_04,MOVING,track_19,WS_01,
988.0,2025-12-01T16:28:00+00:00,LOCO_04,MOVING,WS_01,retrofitted1,
990.5,2025-12-01T16:30:30+00:00,LOCO_03,MOVING,collection1,retrofit2,
993.0,2025-12-01T16:33:00+00:00,LOCO_04,MOVING,retrofitted1,track_19,
996.0,2025-12-01T16:36:00+00:00,LOCO_01,ALLOCATED,,,batch_transport
998.0,2025-12-01T16:38:00+00:00,LOCO_04,MOVING,track_19,WS_02,
1005.0,2025-12-01T16:45:00+00:00,LOCO_04,MOVING,WS_02,retrofitted1,
1010.0,2025-12-01T16:50:00+00:00,LOCO_04,MOVING,retrofitted1,track_19,
1015.0,2025-12-01T16:55:00+00:00,LOCO_01,MOVING,collection2,retrofit1,
1017.0,2025-12-01T16:57:00+00:00,LOCO_04,MOVING,track_19,retrofit1,
1025.0,2025-12-01T17:05:00+00:00,LOCO_04,MOVING,retrofit1,WS_01,
1033.5,2025-12-01T17:13:30+00:00,LOCO_02,MOVING,track_19,WS_03,
1036.0,2025-12-01T17:16:00+00:00,LOCO_04,MOVING,WS_01,track_19,
1040.5,2025-12-01T17:20:30+00:00,LOCO_02,MOVING,WS_03,retrofitted1,
1043.0,2025-12-01T17:23:00+00:00,LOCO_04,MOVING,track_19,retrofit1,
1045.5,2025-12-01T17:25:30+00:00,LOCO_02,MOVING,retrofitted1,track_19,
1050.5,2025-12-01T17:30:30+00:00,LOCO_02,ALLOCATED,,,batch_transport
1050.5,2025-12-01T17:30:30+00:00,LOCO_02,MOVING,track_19,retrofitted1,
1051.0,2025-12-01T17:31:00+00:00,LOCO_04,MOVING,retrofit1,WS_02,
1058.5,2025-12-01T17:38:30+00:00,LOCO_02,MOVING,retrofitted1,parking12,
1062.0,2025-12-01T17:42:00+00:00,LOCO_04,MOVING,WS_02,track_19,
1069.0,2025-12-01T17:49:00+00:00,LOCO_04,MOVING,track_19,retrofit2,
1077.0,2025-12-01T17:57:00+00:00,LOCO_04,MOVING,retrofit2,WS_03,
1088.0,2025-12-01T18:08:00+00:00,LOCO_04,MOVING,WS_03,track_19,
1096.5,2025-12-01T18:16:30+00:00,LOCO_04,MOVING,track_19,WS_01,
1103.5,2025-12-01T18:23:30+00:00,LOCO_04,MOVING,WS_01,retrofitted1,
1108.5,2025-12-01T18:28:30+00:00,LOCO_04,MOVING,retrofitted1,track_19,
1115.5,2025-12-01T18:35:30+00:00,LOCO_04,MOVING,track_19,retrofit2,
1122.0,2025-12-01T18:42:00+00:00,LOCO_02,MOVING,parking12,track_19,
1123.5,2025-12-01T18:43:30+00:00,LOCO_04,MOVING,retrofit2,WS_01,
1126.0,2025-12-01T18:46:00+00:00,LOCO_01,MOVING,retrofit1,track_19,
1131.0,2025-12-01T18:51:00+00:00,LOCO_01,PARKING,,,
1131.0,2025-12-01T18:51:00+00:00,LOCO_01,MOVING,track_19,WS_02,
1134.5,2025-12-01T18:54:30+00:00,LOCO_04,MOVING,WS_01,track_19,
1137.5,2025-12-01T18:57:30+00:00,LOCO_03,MOVING,retrofit2,track_19,
1138.0,2025-12-01T18:58:00+00:00,LOCO_01,MOVING,WS_02,retrofitted1,
1142.5,2025-12-01T19:02:30+00:00,LOCO_03,PARKING,,,
1142.5,2025-12-01T19:02:30+00:00,LOCO_04,MOVING,track_19,collection1,
1143.0,2025-12-01T19:03:00+00:00,LOCO_01,MOVING,retrofitted1,track_19,
1148.5,2025-12-01T19:08:30+00:00,LOCO_01,MOVING,track_19,WS_03,
1150.0,2025-12-01T19:10:00+00:00,LOCO_03,MOVING,track_19,retrofit1,
1155.5,2025-12-01T19:15:30+00:00,LOCO_01,MOVING,WS_03,retrofitted1,
1158.0,2025-12-01T19:18:00+00:00,LOCO_03,MOVING,retrofit1,WS_02,
1160.5,2025-12-01T19:20:30+00:00,LOCO_01,MOVING,retrofitted1,track_19,
1167.5,2025-12-01T19:27:30+00:00,LOCO_01,MOVING,track_19,retrofit2,
1169.0,2025-12-01T19:29:00+00:00,LOCO_03,MOVING,WS_02,track_19,
1175.5,2025-12-01T19:35:30+00:00,LOCO_01,MOVING,retrofit2,WS_03,
1182.0,2025-12-01T19:42:00+00:00,LOCO_03,ALLOCATED,,,batch_transport
1182.0,2025-12-01T19:42:00+00:00,LOCO_03,MOVING,track_19,retrofitted1,
1186.5,2025-12-01T19:46:30+00:00,LOCO_01,MOVING,WS_03,track_19,
1192.0,2025-12-01T19:52:00+00:00,LOCO_03,MOVING,retrofitted1,parking13,
1195.0,2025-12-01T19:55:00+00:00,LOCO_02,MOVING,track_19,WS_01,
1202.0,2025-12-01T20:02:00+00:00,LOCO_02,MOVING,WS_01,retrofitted1,
1202.5,2025-12-01T20:02:30+00:00,LOCO_04,ALLOCATED,,,batch_transport
1207.0,2025-12-01T20:07:00+00:00,LOCO_02,MOVING,retrofitted1,track_19,
1214.0,2025-12-01T20:14:00+00:00,LOCO_01,MOVING,track_19,retrofit1,
1215.5,2025-12-01T20:15:30+00:00,LOCO_04,MOVING,collection1,retrofit1,
1222.0,2025-12-01T20:22:00+00:00,LOCO_01,MOVING,retrofit1,WS_01,
1224.0,2025-12-01T20:24:00+00:00,LOCO_02,MOVING,track_19,collection2,
1233.0,2025-12-01T20:33:00+00:00,LOCO_01,MOVING,WS_01,track_19,
1238.0,2025-12-01T20:38:00+00:00,LOCO_01,MOVING,track_19,WS_02,
1245.0,2025-12-01T20:45:00+00:00,LOCO_01,MOVING,WS_02,retrofitted1,
1250.0,2025-12-01T20:50:00+00:00,LOCO_01,MOVING,retrofitted1,track_19,
1255.0,2025-12-01T20:55:00+00:00,LOCO_01,MOVING,track_19,WS_03,
1259.5,2025-12-01T20:59:30+00:00,LOCO_03,MOVING,parking13,track_19,
1262.0,2025-12-01T21:02:00+00:00,LOCO_01,MOVING,WS_03,retrofitted1,
1267.0,2025-12-01T21:07:00+00:00,LOCO_01,MOVING,retrofitted1,track_19,
1274.0,2025-12-01T21:14:00+00:00,LOCO_01,MOVING,track_19,retrofit2,
1282.0,2025-12-01T21:22:00+00:00,LOCO_01,MOVING,retrofit2,WS_02,
1284.0,2025-12-01T21:24:00+00:00,LOCO_02,ALLOCATED,,,batch_transport
1293.0,2025-12-01T21:33:00+00:00,LOCO_01,MOVING,WS_02,track_19,
1297.0,2025-12-01T21:37:00+00:00,LOCO_02,MOVING,collection2,retrofit2,
1300.0,2025-12-01T21:40:00+00:00,LOCO_01,MOVING,track_19,retrofit1,
1308.0,2025-12-01T21:48:00+00:00,LOCO_01,MOVING,retrofit1,WS_03,
1308.5,2025-12-01T21:48:30+00:00,LOCO_04,MOVING,retrofit1,track_19,
1313.5,2025-12-01T21:53:30+00:00,LOCO_04,PARKING,,,
1313.5,2025-12-01T21:53:30+00:00,LOCO_04,MOVING,track_19,WS_01,
1319.0,2025-12-01T21:59:00+00:00,LOCO_01,MOVING,WS_03,track_19,
1319.5,2025-12-01T21:59:30+00:00,LOCO_03,MOVING,track_19,collection1,
1320.5,2025-12-01T22:00:30+00:00,LOCO_04,MOVING,WS_01,retrofitted1,
1324.0,2025-12-01T22:04:00+00:00,LOCO_01,ALLOCATED,,,batch_transport
1324.0,2025-12-01T22:04:00+00:00,LOCO_01,MOVING,track_19,retrofitted1,
1325.5,2025-12-01T22:05:30+00:00,LOCO_04,MOVING,retrofitted1,track_19,
1332.5,2025-12-01T22:12:30+00:00,LOCO_04,MOVING,track_19,retrofit2,
1333.0,2025-12-01T22:13:00+00:00,LOCO_01,MOVING,retrofitted1,parking14,
1340.5,2025-12-01T22:20:30+00:00,LOCO_04,MOVING,retrofit2,WS_01,
1351.5,2025-12-01T22:31:30+00:00,LOCO_04,MOVING,WS_01,track_19,
1356.5,2025-12-01T22:36:30+00:00,LOCO_04,MOVING,track_19,WS_02,
1363.5,2025-12-01T22:43:30+00:00,LOCO_04,MOVING,WS_02,retrofitted1,
1368.5,2025-12-01T22:48:30+00:00,LOCO_04,MOVING,retrofitted1,track_19,
1375.5,2025-12-01T22:55:30+00:00,LOCO_04,MOVING,track_19,retrofit1,
1379.5,2025-12-01T22:59:30+00:00,LOCO_03,ALLOCATED,,,batch_transport
1383.5,2025-12-01T23:03:30+00:00,LOCO_04,MOVING,retrofit1,WS_02,
1390.0,2025-12-01T23:10:00+00:00,LOCO_02,MOVING,retrofit2,track_19,
1392.5,2025-12-01T23:12:30+00:00,LOCO_03,MOVING,collection1,retrofit1,
1394.5,2025-12-01T23:14:30+00:00,LOCO_04,MOVING,WS_02,track_19,
1395.0,2025-12-01T23:15:00+00:00,LOCO_02,PARKING,,,
1395.0,2025-12-01T23:15:00+00:00,LOCO_02,MOVING,track_19,WS_03,
1398.5,2025-12-01T23:18:30+00:00,LOCO_01,MOVING,parking14,track_19,
1399.5,2025-12-01T23:19:30+00:00,LOCO_04,MOVING,track_19,collection2,
1402.0,2025-12-01T23:22:00+00:00,LOCO_02,MOVING,WS_03,retrofitted1,
1407.0,2025-12-01T23:27:00+00:00,LOCO_02,MOVING,retrofitted1,track_19,
1412.0,2025-12-01T23:32:00+00:00,LOCO_02,MOVING,track_19,WS_01,
1419.0,2025-12-01T23:39:00+00:00,LOCO_02,MOVING,WS_01,retrofitted1,
1424.0,2025-12-01T23:44:00+00:00,LOCO_02,MOVING,retrofitted1,track_19,
1431.0,2025-12-01T23:51:00+00:00,LOCO_02,MOVING,track_19,retrofit2,
1439.0,2025-12-01T23:59:00+00:00,LOCO_02,MOVING,retrofit2,WS_03,
1450.0,2025-12-02T00:10:00+00:00,LOCO_02,MOVING,WS_03,track_19,
1457.0,2025-12-02T00:17:00+00:00,LOCO_02,MOVING,track_19,retrofit1,
1458.5,2025-12-02T00:18:30+00:00,LOCO_01,MOVING,track_19,WS_02,
1459.5,2025-12-02T00:19:30+00:00,LOCO_04,ALLOCATED,,,batch_transport
1465.0,2025-12-02T00:25:00+00:00,LOCO_02,MOVING,retrofit1,WS_01,
1465.5,2025-12-02T00:25:30+00:00,LOCO_01,MOVING,WS_02,retrofitted1,
1470.5,2025-12-02T00:30:30+00:00,LOCO_04,MOVING,collection2,retrofit2,
1470.5,2025-12-02T00:30:30+00:00,LOCO_01,MOVING,retrofitted1,track_19,
1475.5,2025-12-02T00:35:30+00:00,LOCO_01,ALLOCATED,,,batch_transport
1475.5,2025-12-02T00:35:30+00:00,LOCO_01,MOVING,track_19,retrofitted1,
1476.0,2025-12-02T00:36:00+00:00,LOCO_02,MOVING,WS_01,track_19,
1483.0,2025-12-02T00:43:00+00:00,LOCO_02,MOVING,track_19,retrofit2,
1485.5,2025-12-02T00:45:30+00:00,LOCO_03,MOVING,retrofit1,track_19,
1485.5,2025-12-02T00:45:30+00:00,LOCO_01,MOVING,retrofitted1,parking15,
1490.5,2025-12-02T00:50:30+00:00,LOCO_03,PARKING,,,
1490.5,2025-12-02T00:50:30+00:00,LOCO_03,MOVING,track_19,collection1,
1491.0,2025-12-02T00:51:00+00:00,LOCO_02,MOVING,retrofit2,WS_02,
1502.0,2025-12-02T01:02:00+00:00,LOCO_02,MOVING,WS_02,track_19,
1510.5,2025-12-02T01:10:30+00:00,LOCO_02,MOVING,track_19,WS_03,
1517.5,2025-12-02T01:17:30+00:00,LOCO_02,MOVING,WS_03,retrofitted1,
1522.5,2025-12-02T01:22:30+00:00,LOCO_02,MOVING,retrofitted1,track_19,
1529.5,2025-12-02T01:29:30+00:00,LOCO_02,MOVING,track_19,retrofit1,
1537.5,2025-12-02T01:37:30+00:00,LOCO_02,MOVING,retrofit1,WS_03,
1548.5,2025-12-02T01:48:30+00:00,LOCO_02,MOVING,WS_03,track_19,
1550.5,2025-12-02T01:50:30+00:00,LOCO_03,ALLOCATED,,,batch_transport
1553.0,2025-12-02T01:53:00+00:00,LOCO_01,MOVING,parking15,track_19,
1553.5,2025-12-02T01:53:30+00:00,LOCO_02,MOVING,track_19,WS_01,
1557.5,2025-12-02T01:57:30+00:00,LOCO_04,MOVING,retrofit2,track_19,
1559.5,2025-12-02T01:59:30+00:00,LOCO_03,MOVING,collection1,retrofit1,
1560.5,2025-12-02T02:00:30+00:00,LOCO_02,MOVING,WS_01,retrofitted1,
1562.5,2025-12-02T02:02:30+00:00,LOCO_04,PARKING,,,
1562.5,2025-12-02T02:02:30+00:00,LOCO_04,MOVING,track_19,WS_02,
1565.5,2025-12-02T02:05:30+00:00,LOCO_02,MOVING,retrofitted1,track_19,
1569.5,2025-12-02T02:09:30+00:00,LOCO_04,MOVING,WS_02,retrofitted1,
1570.5,2025-12-02T02:10:30+00:00,LOCO_02,MOVING,track_19,collection2,
1574.5,2025-12-02T02:14:30+00:00,LOCO_04,MOVING,retrofitted1,track_19,
1581.5,2025-12-02T02:21:30+00:00,LOCO_04,MOVING,track_19,retrofit2,
1589.5,2025-12-02T02:29:30+00:00,LOCO_04,MOVING,retrofit2,WS_01,
1600.5,2025-12-02T02:40:30+00:00,LOCO_04,MOVING,WS_01,track_19,
1607.5,2025-12-02T02:47:30+00:00,LOCO_04,MOVING,track_19,retrofit1,
1613.0,2025-12-02T02:53:00+00:00,LOCO_01,MOVING,track_19,WS_03,
1615.5,2025-12-02T02:55:30+00:00,LOCO_04,MOVING,retrofit1,WS_02,
1620.0,2025-12-02T03:00:00+00:00,LOCO_01,MOVING,WS_03,retrofitted1,
1625.0,2025-12-02T03:05:00+00:00,LOCO_01,MOVING,retrofitted1,track_19,
1626.5,2025-12-02T03:06:30+00:00,LOCO_04,MOVING,WS_02,track_19,
1630.0,2025-12-02T03:10:00+00:00,LOCO_01,ALLOCATED,,,batch_transport
1630.0,2025-12-02T03:10:00+00:00,LOCO_01,MOVING,track_19,retrofitted1,
1630.5,2025-12-02T03:10:30+00:00,LOCO_02,ALLOCATED,,,batch_transport
1633.5,2025-12-02T03:13:30+00:00,LOCO_04,MOVING,track_19,retrofit2,
1639.5,2025-12-02T03:19:30+00:00,LOCO_02,MOVING,collection2,retrofit2,
1640.0,2025-12-02T03:20:00+00:00,LOCO_01,MOVING,retrofitted1,parking10,
1640.5,2025-12-02T03:20:30+00:00,LOCO_03,MOVING,retrofit1,track_19,
1641.5,2025-12-02T03:21:30+00:00,LOCO_04,MOVING,retrofit2,WS_03,
1645.5,2025-12-02T03:25:30+00:00,LOCO_03,PARKING,,,
1645.5,2025-12-02T03:25:30+00:00,LOCO_03,MOVING,track_19,collection1,
1652.5,2025-12-02T03:32:30+00:00,LOCO_04,MOVING,WS_03,track_19,
1661.0,2025-12-02T03:41:00+00:00,LOCO_04,MOVING,track_19,WS_01,
1668.0,2025-12-02T03:48:00+00:00,LOCO_04,MOVING,WS_01,retrofitted1,
1673.0,2025-12-02T03:53:00+00:00,LOCO_04,MOVING,retrofitted1,track_19,
1680.0,2025-12-02T04:00:00+00:00,LOCO_04,MOVING,track_19,retrofit1,
1688.0,2025-12-02T04:08:00+00:00,LOCO_04,MOVING,retrofit1,WS_01,
1699.0,2025-12-02T04:19:00+00:00,LOCO_04,MOVING,WS_01,track_19,
1704.0,2025-12-02T04:24:00+00:00,LOCO_04,MOVING,track_19,WS_02,
1705.5,2025-12-02T04:25:30+00:00,LOCO_03,ALLOCATED,,,batch_transport
1707.5,2025-12-02T04:27:30+00:00,LOCO_01,MOVING,parking10,track_19,
1711.0,2025-12-02T04:31:00+00:00,LOCO_04,MOVING,WS_02,retrofitted1,
1714.5,2025-12-02T04:34:30+00:00,LOCO_03,MOVING,collection1,retrofit1,
1716.0,2025-12-02T04:36:00+00:00,LOCO_04,MOVING,retrofitted1,track_19,
1720.5,2025-12-02T04:40:30+00:00,LOCO_02,MOVING,retrofit2,track_19,
1721.0,2025-12-02T04:41:00+00:00,LOCO_04,MOVING,track_19,WS_03,
1725.5,2025-12-02T04:45:30+00:00,LOCO_02,PARKING,,,
1727.5,2025-12-02T04:47:30+00:00,LOCO_02,MOVING,track_19,retrofit2,
1728.0,2025-12-02T04:48:00+00:00,LOCO_04,MOVING,WS_03,retrofitted1,
1733.0,2025-12-02T04:53:00+00:00,LOCO_04,MOVING,retrofitted1,track_19,
1735.5,2025-12-02T04:55:30+00:00,LOCO_02,MOVING,retrofit2,WS_02,
1738.0,2025-12-02T04:58:00+00:00,LOCO_04,MOVING,track_19,collection2,
1746.5,2025-12-02T05:06:30+00:00,LOCO_02,MOVING,WS_02,track_19,
1753.5,2025-12-02T05:13:30+00:00,LOCO_02,MOVING,track_19,retrofit1,
1761.5,2025-12-02T05:21:30+00:00,LOCO_02,MOVING,retrofit1,WS_03,
1767.5,2025-12-02T05:27:30+00:00,LOCO_01,MOVING,track_19,WS_01,
1772.5,2025-12-02T05:32:30+00:00,LOCO_02,MOVING,WS_03,track_19,
1774.5,2025-12-02T05:34:30+00:00,LOCO_01,MOVING,WS_01,retrofitted1,
1777.5,2025-12-02T05:37:30+00:00,LOCO_02,ALLOCATED,,,batch_transport
1777.5,2025-12-02T05:37:30+00:00,LOCO_02,MOVING,track_19,retrofitted1,
1779.5,2025-12-02T05:39:30+00:00,LOCO_01,MOVING,retrofitted1,track_19,
1786.5,2025-12-02T05:46:30+00:00,LOCO_01,MOVING,track_19,retrofit2,
1787.5,2025-12-02T05:47:30+00:00,LOCO_02,MOVING,retrofitted1,parking9,
1794.5,2025-12-02T05:54:30+00:00,LOCO_01,MOVING,retrofit2,WS_01,
1795.5,2025-12-02T05:55:30+00:00,LOCO_03,MOVING,retrofit1,track_19,
1798.0,2025-12-02T05:58:00+00:00,LOCO_04,ALLOCATED,,,batch_transport
1800.0,2025-12-02T06:00:00+00:00,LOCO_02,MOVING,parking9,track_19,
1800.5,2025-12-02T06:00:30+00:00,LOCO_03,PARKING,,,
1800.5,2025-12-02T06:00:30+00:00,LOCO_03,MOVING,track_19,collection1,
1805.0,2025-12-02T06:05:00+00:00,LOCO_02,ALLOCATED,,,batch_transport
1805.0,2025-12-02T06:05:00+00:00,LOCO_02,MOVING,track_19,retrofitted1,
1805.5,2025-12-02T06:05:30+00:00,LOCO_01,MOVING,WS_01,track_19,
1810.5,2025-12-02T06:10:30+00:00,LOCO_01,MOVING,track_19,WS_02,
1811.0,2025-12-02T06:11:00+00:00,LOCO_04,MOVING,collection2,retrofit2,
1812.0,2025-12-02T06:12:00+00:00,LOCO_02,MOVING,retrofitted1,parking12,
1817.5,2025-12-02T06:17:30+00:00,LOCO_01,MOVING,WS_02,retrofitted1,
1822.5,2025-12-02T06:22:30+00:00,LOCO_01,MOVING,retrofitted1,track_19,
1829.5,2025-12-02T06:29:30+00:00,LOCO_01,MOVING,track_19,retrofit1,
1837.5,2025-12-02T06:37:30+00:00,LOCO_01,MOVING,retrofit1,WS_02,
1848.5,2025-12-02T06:48:30+00:00,LOCO_01,MOVING,WS_02,track_19,
1853.5,2025-12-02T06:53:30+00:00,LOCO_01,MOVING,track_19,WS_03,
1860.5,2025-12-02T07:00:30+00:00,LOCO_03,ALLOCATED,,,batch_transport
1860.5,2025-12-02T07:00:30+00:00,LOCO_01,MOVING,WS_03,retrofitted1,
1865.5,2025-12-02T07:05:30+00:00,LOCO_01,MOVING,retrofitted1,track_19,
1869.5,2025-12-02T07:09:30+00:00,LOCO_03,MOVING,collection1,retrofit1,
1870.5,2025-12-02T07:10:30+00:00,LOCO_01,MOVING,track_19,WS_01,
1873.5,2025-12-02T07:13:30+00:00,LOCO_02,MOVING,parking12,track_19,
1877.5,2025-12-02T07:17:30+00:00,LOCO_01,MOVING,WS_01,retrofitted1,
1882.5,2025-12-02T07:22:30+00:00,LOCO_01,MOVING,retrofitted1,track_19,
1889.5,2025-12-02T07:29:30+00:00,LOCO_01,MOVING,track_19,retrofit2,
1897.5,2025-12-02T07:37:30+00:00,LOCO_01,MOVING,retrofit2,WS_03,
1904.0,2025-12-02T07:44:00+00:00,LOCO_04,MOVING,retrofit2,track_19,
1908.5,2025-12-02T07:48:30+00:00,LOCO_01,MOVING,WS_03,track_19,
1909.0,2025-12-02T07:49:00+00:00,LOCO_04,PARKING,,,
1911.0,2025-12-02T07:51:00+00:00,LOCO_04,MOVING,track_19,retrofit1,
1913.5,2025-12-02T07:53:30+00:00,LOCO_01,MOVING,track_19,WS_02,
1919.0,2025-12-02T07:59:00+00:00,LOCO_04,MOVING,retrofit1,WS_01,
1920.5,2025-12-02T08:00:30+00:00,LOCO_01,MOVING,WS_02,retrofitted1,
1925.5,2025-12-02T08:05:30+00:00,LOCO_01,MOVING,retrofitted1,track_19,
1930.0,2025-12-02T08:10:00+00:00,LOCO_04,MOVING,WS_01,track_19,
1930.5,2025-12-02T08:10:30+00:00,LOCO_01,MOVING,track_19,collection2,
1935.0,2025-12-02T08:15:00+00:00,LOCO_04,ALLOCATED,,,batch_transport
1935.0,2025-12-02T08:15:00+00:00,LOCO_04,MOVING,track_19,retrofitted1,
1935.5,2025-12-02T08:15:30+00:00,LOCO_02,MOVING,track_19,retrofit2,
1943.5,2025-12-02T08:23:30+00:00,LOCO_02,MOVING,retrofit2,WS_02,
1945.0,2025-12-02T08:25:00+00:00,LOCO_04,MOVING,retrofitted1,parking14,
1950.5,2025-12-02T08:30:30+00:00,LOCO_03,MOVING,retrofit1,track_19,
1954.5,2025-12-02T08:34:30+00:00,LOCO_02,MOVING,WS_02,track_19,
1955.5,2025-12-02T08:35:30+00:00,LOCO_03,PARKING,,,
1955.5,2025-12-02T08:35:30+00:00,LOCO_03,MOVING,track_19,collection1,
1969.0,2025-12-02T08:49:00+00:00,LOCO_02,MOVING,track_19,WS_03,
1976.0,2025-12-02T08:56:00+00:00,LOCO_02,MOVING,WS_03,retrofitted1,
1981.0,2025-12-02T09:01:00+00:00,LOCO_02,MOVING,retrofitted1,track_19,
1988.0,2025-12-02T09:08:00+00:00,LOCO_02,MOVING,track_19,retrofit1,
1990.5,2025-12-02T09:10:30+00:00,LOCO_01,ALLOCATED,,,batch_transport
1996.0,2025-12-02T09:16:00+00:00,LOCO_02,MOVING,retrofit1,WS_03,
2001.5,2025-12-02T09:21:30+00:00,LOCO_01,MOVING,collection2,retrofit1,
2007.0,2025-12-02T09:27:00+00:00,LOCO_02,MOVING,WS_03,track_19,
2012.0,2025-12-02T09:32:00+00:00,LOCO_02,MOVING,track_19,WS_01,
2012.5,2025-12-02T09:32:30+00:00,LOCO_04,MOVING,parking14,track_19,
2015.5,2025-12-02T09:35:30+00:00,LOCO_03,ALLOCATED,,,batch_transport
2019.0,2025-12-02T09:39:00+00:00,LOCO_02,MOVING,WS_01,retrofitted1,
2024.0,2025-12-02T09:44:00+00:00,LOCO_02,MOVING,retrofitted1,track_19,
2029.0,2025-12-02T09:49:00+00:00,LOCO_02,MOVING,track_19,WS_02,
2030.5,2025-12-02T09:50:30+00:00,LOCO_03,MOVING,collection1,retrofit2,
2036.0,2025-12-02T09:56:00+00:00,LOCO_02,MOVING,WS_02,retrofitted1,
2041.0,2025-12-02T10:01:00+00:00,LOCO_02,MOVING,retrofitted1,track_19,
2048.0,2025-12-02T10:08:00+00:00,LOCO_02,MOVING,track_19,retrofit2,
2056.0,2025-12-02T10:16:00+00:00,LOCO_02,MOVING,retrofit2,WS_01,
2067.0,2025-12-02T10:27:00+00:00,LOCO_02,MOVING,WS_01,track_19,
2072.5,2025-12-02T10:32:30+00:00,LOCO_04,MOVING,track_19,WS_03,
2074.0,2025-12-02T10:34:00+00:00,LOCO_02,MOVING,track_19,retrofit1,
2079.5,2025-12-02T10:39:30+00:00,LOCO_04,MOVING,WS_03,retrofitted1,
2082.0,2025-12-02T10:42:00+00:00,LOCO_02,MOVING,retrofit1,WS_02,
2084.5,2025-12-02T10:44:30+00:00,LOCO_04,MOVING,retrofitted1,track_19,
2088.5,2025-12-02T10:48:30+00:00,LOCO_01,MOVING,retrofit1,track_19,
2089.5,2025-12-02T10:49:30+00:00,LOCO_04,ALLOCATED,,,batch_transport
2089.5,2025-12-02T10:49:30+00:00,LOCO_04,MOVING,track_19,retrofitted1,
2093.0,2025-12-02T10:53:00+00:00,LOCO_02,MOVING,WS_02,track_19,
2093.5,2025-12-02T10:53:30+00:00,LOCO_01,PARKING,,,
2093.5,2025-12-02T10:53:30+00:00,LOCO_01,MOVING,track_19,collection3,
2098.5,2025-12-02T10:58:30+00:00,LOCO_04,MOVING,retrofitted1,parking12,
2100.0,2025-12-02T11:00:00+00:00,LOCO_02,MOVING,track_19,retrofit2,
2108.0,2025-12-02T11:08:00+00:00,LOCO_02,MOVING,retrofit2,WS_03,
2119.0,2025-12-02T11:19:00+00:00,LOCO_02,MOVING,WS_03,track_19,
2124.0,2025-12-02T11:24:00+00:00,LOCO_02,MOVING,track_19,collection2,
2129.5,2025-12-02T11:29:30+00:00,LOCO_03,MOVING,retrofit2,track_19,
2134.5,2025-12-02T11:34:30+00:00,LOCO_03,PARKING,,,
2134.5,2025-12-02T11:34:30+00:00,LOCO_03,MOVING,track_19,WS_01,
2141.5,2025-12-02T11:41:30+00:00,LOCO_03,MOVING,WS_01,retrofitted1,
2146.5,2025-12-02T11:46:30+00:00,LOCO_03,MOVING,retrofitted1,track_19,
2153.5,2025-12-02T11:53:30+00:00,LOCO_01,ALLOCATED,,,batch_transport
2153.5,2025-12-02T11:53:30+00:00,LOCO_03,MOVING,track_19,retrofit1,
2160.5,2025-12-02T12:00:30+00:00,LOCO_01,MOVING,collection3,retrofit1,
2161.5,2025-12-02T12:01:30+00:00,LOCO_03,MOVING,retrofit1,WS_01,
2164.0,2025-12-02T12:04:00+00:00,LOCO_04,MOVING,parking12,track_19,
2172.5,2025-12-02T12:12:30+00:00,LOCO_03,MOVING,WS_01,track_19,
2177.5,2025-12-02T12:17:30+00:00,LOCO_03,MOVING,track_19,collection1,
2184.0,2025-12-02T12:24:00+00:00,LOCO_02,ALLOCATED,,,batch_transport
2191.0,2025-12-02T12:31:00+00:00,LOCO_02,MOVING,collection2,retrofit2,
2224.0,2025-12-02T13:04:00+00:00,LOCO_04,MOVING,track_19,WS_02,
2231.0,2025-12-02T13:11:00+00:00,LOCO_04,MOVING,WS_02,retrofitted1,
2235.5,2025-12-02T13:15:30+00:00,LOCO_01,MOVING,retrofit1,track_19,
2236.0,2025-12-02T13:16:00+00:00,LOCO_04,MOVING,retrofitted1,track_19,
2237.5,2025-12-02T13:17:30+00:00,LOCO_03,ALLOCATED,,,batch_transport
2240.5,2025-12-02T13:20:30+00:00,LOCO_01,PARKING,,,
2240.5,2025-12-02T13:20:30+00:00,LOCO_03,MOVING,collection1,retrofit1,
2240.5,2025-12-02T13:20:30+00:00,LOCO_01,MOVING,track_19,WS_03,
2241.0,2025-12-02T13:21:00+00:00,LOCO_04,ALLOCATED,,,batch_transport
2241.0,2025-12-02T13:21:00+00:00,LOCO_04,MOVING,track_19,retrofitted1,
2247.5,2025-12-02T13:27:30+00:00,LOCO_01,MOVING,WS_03,retrofitted1,
2249.0,2025-12-02T13:29:00+00:00,LOCO_04,MOVING,retrofitted1,parking11,
2252.5,2025-12-02T13:32:30+00:00,LOCO_01,MOVING,retrofitted1,track_19,
2257.5,2025-12-02T13:37:30+00:00,LOCO_01,MOVING,track_19,WS_01,
2264.5,2025-12-02T13:44:30+00:00,LOCO_01,MOVING,WS_01,retrofitted1,
2266.0,2025-12-02T13:46:00+00:00,LOCO_02,MOVING,retrofit2,track_19,
2269.5,2025-12-02T13:49:30+00:00,LOCO_01,MOVING,retrofitted1,track_19,
2271.0,2025-12-02T13:51:00+00:00,LOCO_02,PARKING,,,
2273.0,2025-12-02T13:53:00+00:00,LOCO_02,MOVING,track_19,retrofit2,
2276.5,2025-12-02T13:56:30+00:00,LOCO_01,MOVING,track_19,retrofit1,
2281.0,2025-12-02T14:01:00+00:00,LOCO_02,MOVING,retrofit2,WS_02,
2284.5,2025-12-02T14:04:30+00:00,LOCO_01,MOVING,retrofit1,WS_03,
2292.0,2025-12-02T14:12:00+00:00,LOCO_02,MOVING,WS_02,track_19,
2295.5,2025-12-02T14:15:30+00:00,LOCO_01,MOVING,WS_03,track_19,
2297.0,2025-12-02T14:17:00+00:00,LOCO_02,MOVING,track_19,collection2,
2302.5,2025-12-02T14:22:30+00:00,LOCO_01,MOVING,track_19,retrofit2,
2303.5,2025-12-02T14:23:30+00:00,LOCO_03,MOVING,retrofit1,track_19,
2308.5,2025-12-02T14:28:30+00:00,LOCO_03,PARKING,,,
2308.5,2025-12-02T14:28:30+00:00,LOCO_03,MOVING,track_19,collection1,
2310.5,2025-12-02T14:30:30+00:00,LOCO_01,MOVING,retrofit2,WS_01,
2312.5,2025-12-02T14:32:30+00:00,LOCO_04,MOVING,parking11,track_19,
2321.5,2025-12-02T14:41:30+00:00,LOCO_01,MOVING,WS_01,track_19,
2352.5,2025-12-02T15:12:30+00:00,LOCO_01,MOVING,track_19,WS_02,
2357.0,2025-12-02T15:17:00+00:00,LOCO_02,ALLOCATED,,,batch_transport
2359.5,2025-12-02T15:19:30+00:00,LOCO_01,MOVING,WS_02,retrofitted1,
2364.0,2025-12-02T15:24:00+00:00,LOCO_02,MOVING,collection2,retrofit1,
2364.5,2025-12-02T15:24:30+00:00,LOCO_01,MOVING,retrofitted1,track_19,
2368.5,2025-12-02T15:28:30+00:00,LOCO_03,ALLOCATED,,,batch_transport
2369.5,2025-12-02T15:29:30+00:00,LOCO_01,MOVING,track_19,WS_03,
2374.5,2025-12-02T15:34:30+00:00,LOCO_04,MOVING,track_19,retrofit1,
2376.5,2025-12-02T15:36:30+00:00,LOCO_01,MOVING,WS_03,retrofitted1,
2377.5,2025-12-02T15:37:30+00:00,LOCO_03,MOVING,collection1,retrofit2,
2381.5,2025-12-02T15:41:30+00:00,LOCO_01,MOVING,retrofitted1,track_19,
2382.5,2025-12-02T15:42:30+00:00,LOCO_04,MOVING,retrofit1,WS_02,
2386.5,2025-12-02T15:46:30+00:00,LOCO_01,ALLOCATED,,,batch_transport
2386.5,2025-12-02T15:46:30+00:00,LOCO_01,MOVING,track_19,retrofitted1,
2393.5,2025-12-02T15:53:30+00:00,LOCO_04,MOVING,WS_02,track_19,
2396.5,2025-12-02T15:56:30+00:00,LOCO_01,MOVING,retrofitted1,parking13,
2398.5,2025-12-02T15:58:30+00:00,LOCO_04,MOVING,track_19,collection3,
2439.0,2025-12-02T16:39:00+00:00,LOCO_02,MOVING,retrofit1,track_19,
2444.0,2025-12-02T16:44:00+00:00,LOCO_02,PARKING,,,
2444.0,2025-12-02T16:44:00+00:00,LOCO_02,MOVING,track_19,WS_01,
2451.0,2025-12-02T16:51:00+00:00,LOCO_02,MOVING,WS_01,retrofitted1,
2456.0,2025-12-02T16:56:00+00:00,LOCO_02,MOVING,retrofitted1,track_19,
2458.5,2025-12-02T16:58:30+00:00,LOCO_04,ALLOCATED,,,batch_transport
2458.5,2025-12-02T16:58:30+00:00,LOCO_03,MOVING,retrofit2,track_19,
2463.0,2025-12-02T17:03:00+00:00,LOCO_02,MOVING,track_19,retrofit2,
2463.5,2025-12-02T17:03:30+00:00,LOCO_04,MOVING,collection3,retrofit1,
2463.5,2025-12-02T17:03:30+00:00,LOCO_03,PARKING,,,
2463.5,2025-12-02T17:03:30+00:00,LOCO_03,MOVING,track_19,collection2,
2464.0,2025-12-02T17:04:00+00:00,LOCO_01,MOVING,parking13,track_19,
2471.0,2025-12-02T17:11:00+00:00,LOCO_02,MOVING,retrofit2,WS_03,
2482.0,2025-12-02T17:22:00+00:00,LOCO_02,MOVING,WS_03,track_19,
2487.0,2025-12-02T17:27:00+00:00,LOCO_02,MOVING,track_19,WS_02,
2494.0,2025-12-02T17:34:00+00:00,LOCO_02,MOVING,WS_02,retrofitted1,
2499.0,2025-12-02T17:39:00+00:00,LOCO_02,MOVING,retrofitted1,track_19,
2506.0,2025-12-02T17:46:00+00:00,LOCO_02,MOVING,track_19,retrofit1,
2514.0,2025-12-02T17:54:00+00:00,LOCO_02,MOVING,retrofit1,WS_01,
2523.5,2025-12-02T18:03:30+00:00,LOCO_03,ALLOCATED,,,batch_transport
2524.0,2025-12-02T18:04:00+00:00,LOCO_01,MOVING,track_19,collection1,
2525.0,2025-12-02T18:05:00+00:00,LOCO_02,MOVING,WS_01,track_19,
2528.5,2025-12-02T18:08:30+00:00,LOCO_03,MOVING,collection2,retrofit2,
2532.0,2025-12-02T18:12:00+00:00,LOCO_02,MOVING,track_19,retrofit2,
2532.5,2025-12-02T18:12:30+00:00,LOCO_04,MOVING,retrofit1,track_19,
2537.5,2025-12-02T18:17:30+00:00,LOCO_04,PARKING,,,
2537.5,2025-12-02T18:17:30+00:00,LOCO_04,ALLOCATED,,,batch_transport
2537.5,2025-12-02T18:17:30+00:00,LOCO_04,MOVING,track_19,retrofitted1,
2540.0,2025-12-02T18:20:00+00:00,LOCO_02,MOVING,retrofit2,WS_02,
2546.5,2025-12-02T18:26:30+00:00,LOCO_04,MOVING,retrofitted1,parking15,
2551.0,2025-12-02T18:31:00+00:00,LOCO_02,MOVING,WS_02,track_19,
2556.0,2025-12-02T18:36:00+00:00,LOCO_02,MOVING,track_19,collection3,
2584.0,2025-12-02T19:04:00+00:00,LOCO_01,ALLOCATED,,,batch_transport
2589.0,2025-12-02T19:09:00+00:00,LOCO_01,MOVING,collection1,retrofit1,
2597.5,2025-12-02T19:17:30+00:00,LOCO_03,MOVING,retrofit2,track_19,
2602.5,2025-12-02T19:22:30+00:00,LOCO_03,PARKING,,,
2602.5,2025-12-02T19:22:30+00:00,LOCO_03,MOVING,track_19,WS_03,
2609.5,2025-12-02T19:29:30+00:00,LOCO_03,MOVING,WS_03,retrofitted1,
2612.0,2025-12-02T19:32:00+00:00,LOCO_04,MOVING,parking15,track_19,
2614.5,2025-12-02T19:34:30+00:00,LOCO_03,MOVING,retrofitted1,track_19,
2616.0,2025-12-02T19:36:00+00:00,LOCO_02,ALLOCATED,,,batch_transport
2619.5,2025-12-02T19:39:30+00:00,LOCO_03,MOVING,track_19,WS_01,
2621.0,2025-12-02T19:41:00+00:00,LOCO_02,MOVING,collection3,retrofit2,
2626.5,2025-12-02T19:46:30+00:00,LOCO_03,MOVING,WS_01,retrofitted1,
2631.5,2025-12-02T19:51:30+00:00,LOCO_03,MOVING,retrofitted1,track_19,
2636.5,2025-12-02T19:56:30+00:00,LOCO_03,MOVING,track_19,WS_02,
2643.5,2025-12-02T20:03:30+00:00,LOCO_03,MOVING,WS_02,retrofitted1,
2648.5,2025-12-02T20:08:30+00:00,LOCO_03,MOVING,retrofitted1,track_19,
2655.5,2025-12-02T20:15:30+00:00,LOCO_03,MOVING,track_19,retrofit1,
2658.0,2025-12-02T20:18:00+00:00,LOCO_01,MOVING,retrofit1,track_19,
2663.0,2025-12-02T20:23:00+00:00,LOCO_01,PARKING,,,
2663.0,2025-12-02T20:23:00+00:00,LOCO_01,MOVING,track_19,collection2,
2663.5,2025-12-02T20:23:30+00:00,LOCO_03,MOVING,retrofit1,WS_03,
2674.0,2025-12-02T20:34:00+00:00,LOCO_04,MOVING,track_19,retrofit2,
2674.5,2025-12-02T20:34:30+00:00,LOCO_03,MOVING,WS_03,track_19,
2681.5,2025-12-02T20:41:30+00:00,LOCO_03,MOVING,track_19,retrofit1,
2682.0,2025-12-02T20:42:00+00:00,LOCO_04,MOVING,retrofit2,WS_01,
2689.5,2025-12-02T20:49:30+00:00,LOCO_03,MOVING,retrofit1,WS_02,
2690.0,2025-12-02T20:50:00+00:00,LOCO_02,MOVING,retrofit2,track_19,
2693.0,2025-12-02T20:53:00+00:00,LOCO_04,MOVING,WS_01,track_19,
2695.0,2025-12-02T20:55:00+00:00,LOCO_02,PARKING,,,
2695.0,2025-12-02T20:55:00+00:00,LOCO_02,MOVING,track_19,collection1,
2698.0,2025-12-02T20:58:00+00:00,LOCO_04,ALLOCATED,,,batch_transport
2698.0,2025-12-02T20:58:00+00:00,LOCO_04,MOVING,track_19,retrofitted1,
2700.5,2025-12-02T21:00:30+00:00,LOCO_03,MOVING,WS_02,track_19,
2705.5,2025-12-02T21:05:30+00:00,LOCO_03,MOVING,track_19,collection3,
2707.0,2025-12-02T21:07:00+00:00,LOCO_04,MOVING,retrofitted1,parking2,
2717.5,2025-12-02T21:17:30+00:00,LOCO_04,MOVING,parking2,track_19,
2723.0,2025-12-02T21:23:00+00:00,LOCO_01,ALLOCATED,,,batch_transport
2726.0,2025-12-02T21:26:00+00:00,LOCO_01,MOVING,collection2,retrofit1,
2735.0,2025-12-02T21:35:00+00:00,LOCO_04,MOVING,track_19,WS_03,
2742.0,2025-12-02T21:42:00+00:00,LOCO_04,MOVING,WS_03,retrofitted1,
2747.0,2025-12-02T21:47:00+00:00,LOCO_04,MOVING,retrofitted1,track_19,
2752.0,2025-12-02T21:52:00+00:00,LOCO_04,ALLOCATED,,,batch_transport
2752.0,2025-12-02T21:52:00+00:00,LOCO_04,MOVING,track_19,retrofitted1,
2755.0,2025-12-02T21:55:00+00:00,LOCO_02,ALLOCATED,,,batch_transport
2759.0,2025-12-02T21:59:00+00:00,LOCO_04,MOVING,retrofitted1,parking6,
2762.0,2025-12-02T22:02:00+00:00,LOCO_02,MOVING,collection1,retrofit1,
2765.5,2025-12-02T22:05:30+00:00,LOCO_03,ALLOCATED,,,batch_transport
2765.5,2025-12-02T22:05:30+00:00,LOCO_04,MOVING,parking6,track_19,
2770.5,2025-12-02T22:10:30+00:00,LOCO_03,MOVING,collection3,retrofit2,
2772.5,2025-12-02T22:12:30+00:00,LOCO_04,MOVING,track_19,retrofit2,
2780.5,2025-12-02T22:20:30+00:00,LOCO_04,MOVING,retrofit2,WS_03,
2789.0,2025-12-02T22:29:00+00:00,LOCO_01,MOVING,retrofit1,track_19,
2791.5,2025-12-02T22:31:30+00:00,LOCO_04,MOVING,WS_03,track_19,
2794.0,2025-12-02T22:34:00+00:00,LOCO_01,PARKING,,,
2794.0,2025-12-02T22:34:00+00:00,LOCO_01,MOVING,track_19,WS_01,
2796.5,2025-12-02T22:36:30+00:00,LOCO_04,MOVING,track_19,WS_02,
2801.0,2025-12-02T22:41:00+00:00,LOCO_01,MOVING,WS_01,retrofitted1,
2803.5,2025-12-02T22:43:30+00:00,LOCO_04,MOVING,WS_02,retrofitted1,
2806.0,2025-12-02T22:46:00+00:00,LOCO_01,MOVING,retrofitted1,track_19,
2808.5,2025-12-02T22:48:30+00:00,LOCO_04,MOVING,retrofitted1,track_19,
2811.0,2025-12-02T22:51:00+00:00,LOCO_01,MOVING,track_19,collection2,
2813.5,2025-12-02T22:53:30+00:00,LOCO_04,ALLOCATED,,,batch_transport
2813.5,2025-12-02T22:53:30+00:00,LOCO_04,MOVING,track_19,retrofitted1,
2820.5,2025-12-02T23:00:30+00:00,LOCO_04,MOVING,retrofitted1,parking3,
2827.0,2025-12-02T23:07:00+00:00,LOCO_04,MOVING,parking3,track_19,
2834.0,2025-12-02T23:14:00+00:00,LOCO_04,MOVING,track_19,retrofit1,
2837.0,2025-12-02T23:17:00+00:00,LOCO_02,MOVING,retrofit1,track_19,
2839.5,2025-12-02T23:19:30+00:00,LOCO_03,MOVING,retrofit2,track_19,
2842.0,2025-12-02T23:22:00+00:00,LOCO_02,PARKING,,,
2842.0,2025-12-02T23:22:00+00:00,LOCO_04,MOVING,retrofit1,WS_01,
2844.0,2025-12-02T23:24:00+00:00,LOCO_02,MOVING,track_19,retrofit2,
2844.5,2025-12-02T23:24:30+00:00,LOCO_03,PARKING,,,
2844.5,2025-12-02T23:24:30+00:00,LOCO_03,ALLOCATED,,,batch_transport
2844.5,2025-12-02T23:24:30+00:00,LOCO_03,MOVING,track_19,retrofitted1,
2851.5,2025-12-02T23:31:30+00:00,LOCO_03,MOVING,retrofitted1,parking10,
2852.0,2025-12-02T23:32:00+00:00,LOCO_02,MOVING,retrofit2,WS_02,
2853.0,2025-12-02T23:33:00+00:00,LOCO_04,MOVING,WS_01,track_19,
2858.0,2025-12-02T23:38:00+00:00,LOCO_04,MOVING,track_19,collection1,
2863.0,2025-12-02T23:43:00+00:00,LOCO_02,MOVING,WS_02,track_19,
2868.0,2025-12-02T23:48:00+00:00,LOCO_02,MOVING,track_19,collection3,
2871.0,2025-12-02T23:51:00+00:00,LOCO_01,ALLOCATED,,,batch_transport
2876.0,2025-12-02T23:56:00+00:00,LOCO_01,MOVING,collection2,retrofit2,
2913.0,2025-12-03T00:33:00+00:00,LOCO_03,MOVING,parking10,track_19,
2918.0,2025-12-03T00:38:00+00:00,LOCO_04,ALLOCATED,,,batch_transport
2923.0,2025-12-03T00:43:00+00:00,LOCO_04,MOVING,collection1,retrofit1,
2928.0,2025-12-03T00:48:00+00:00,LOCO_02,ALLOCATED,,,batch_transport
2931.0,2025-12-03T00:51:00+00:00,LOCO_02,MOVING,collection3,retrofit2,
2945.0,2025-12-03T01:05:00+00:00,LOCO_01,MOVING,retrofit2,track_19,
2950.0,2025-12-03T01:10:00+00:00,LOCO_01,PARKING,,,
2950.0,2025-12-03T01:10:00+00:00,LOCO_01,MOVING,track_19,WS_03,
2957.0,2025-12-03T01:17:00+00:00,LOCO_01,MOVING,WS_03,retrofitted1,
2962.0,2025-12-03T01:22:00+00:00,LOCO_01,MOVING,retrofitted1,track_19,
2967.0,2025-12-03T01:27:00+00:00,LOCO_01,MOVING,track_19,WS_01,
2973.0,2025-12-03T01:33:00+00:00,LOCO_03,MOVING,track_19,WS_02,
2974.0,2025-12-03T01:34:00+00:00,LOCO_01,MOVING,WS_01,retrofitted1,
2979.0,2025-12-03T01:39:00+00:00,LOCO_01,MOVING,retrofitted1,track_19,
2980.0,2025-12-03T01:40:00+00:00,LOCO_03,MOVING,WS_02,retrofitted1,
2984.0,2025-12-03T01:44:00+00:00,LOCO_01,MOVING,track_19,collection2,
2985.0,2025-12-03T01:45:00+00:00,LOCO_03,MOVING,retrofitted1,track_19,
2992.0,2025-12-03T01:52:00+00:00,LOCO_04,MOVING,retrofit1,track_19,
2992.0,2025-12-03T01:52:00+00:00,LOCO_03,MOVING,track_19,retrofit1,
2994.0,2025-12-03T01:54:00+00:00,LOCO_02,MOVING,retrofit2,track_19,
2997.0,2025-12-03T01:57:00+00:00,LOCO_04,PARKING,,,
2997.0,2025-12-03T01:57:00+00:00,LOCO_04,ALLOCATED,,,batch_transport
2997.0,2025-12-03T01:57:00+00:00,LOCO_04,MOVING,track_19,retrofitted1,
2999.0,2025-12-03T01:59:00+00:00,LOCO_02,PARKING,,,
3000.0,2025-12-03T02:00:00+00:00,LOCO_03,MOVING,retrofit1,WS_03,
3001.0,2025-12-03T02:01:00+00:00,LOCO_02,MOVING,track_19,retrofit2,
3004.0,2025-12-03T02:04:00+00:00,LOCO_04,MOVING,retrofitted1,parking11,
3009.0,2025-12-03T02:09:00+00:00,LOCO_02,MOVING,retrofit2,WS_01,
3011.0,2025-12-03T02:11:00+00:00,LOCO_03,MOVING,WS_03,track_19,
3018.0,2025-12-03T02:18:00+00:00,LOCO_03,MOVING,track_19,retrofit1,
3020.0,2025-12-03T02:20:00+00:00,LOCO_02,MOVING,WS_01,track_19,
3025.0,2025-12-03T02:25:00+00:00,LOCO_02,MOVING,track_19,collection1,
3026.0,2025-12-03T02:26:00+00:00,LOCO_03,MOVING,retrofit1,WS_02,
3037.0,2025-12-03T02:37:00+00:00,LOCO_03,MOVING,WS_02,track_19,
3042.0,2025-12-03T02:42:00+00:00,LOCO_03,MOVING,track_19,collection3,
3044.0,2025-12-03T02:44:00+00:00,LOCO_01,ALLOCATED,,,batch_transport
3047.0,2025-12-03T02:47:00+00:00,LOCO_01,MOVING,collection2,retrofit2,
3065.5,2025-12-03T03:05:30+00:00,LOCO_04,MOVING,parking11,track_19,
3085.0,2025-12-03T03:25:00+00:00,LOCO_02,ALLOCATED,,,batch_transport
3094.0,2025-12-03T03:34:00+00:00,LOCO_02,MOVING,collection1,retrofit1,
3102.0,2025-12-03T03:42:00+00:00,LOCO_03,ALLOCATED,,,batch_transport
3107.0,2025-12-03T03:47:00+00:00,LOCO_03,MOVING,collection3,retrofit2,
3110.0,2025-12-03T03:50:00+00:00,LOCO_01,MOVING,retrofit2,track_19,
3115.0,2025-12-03T03:55:00+00:00,LOCO_01,PARKING,,,
3115.0,2025-12-03T03:55:00+00:00,LOCO_01,MOVING,track_19,WS_03,
3122.0,2025-12-03T04:02:00+00:00,LOCO_01,MOVING,WS_03,retrofitted1,
3125.5,2025-12-03T04:05:30+00:00,LOCO_04,MOVING,track_19,WS_01,
3127.0,2025-12-03T04:07:00+00:00,LOCO_01,MOVING,retrofitted1,track_19,
3132.0,2025-12-03T04:12:00+00:00,LOCO_01,MOVING,track_19,WS_02,
3132.5,2025-12-03T04:12:30+00:00,LOCO_04,MOVING,WS_01,retrofitted1,
3137.5,2025-12-03T04:17:30+00:00,LOCO_04,MOVING,retrofitted1,track_19,
3139.0,2025-12-03T04:19:00+00:00,LOCO_01,MOVING,WS_02,retrofitted1,
3142.5,2025-12-03T04:22:30+00:00,LOCO_04,MOVING,track_19,collection2,
3144.0,2025-12-03T04:24:00+00:00,LOCO_01,MOVING,retrofitted1,track_19,
3149.0,2025-12-03T04:29:00+00:00,LOCO_01,ALLOCATED,,,batch_transport
3149.0,2025-12-03T04:29:00+00:00,LOCO_01,MOVING,track_19,retrofitted1,
3157.0,2025-12-03T04:37:00+00:00,LOCO_01,MOVING,retrofitted1,parking5,
3165.5,2025-12-03T04:45:30+00:00,LOCO_01,MOVING,parking5,track_19,
3172.5,2025-12-03T04:52:30+00:00,LOCO_01,MOVING,track_19,retrofit2,
3175.0,2025-12-03T04:55:00+00:00,LOCO_02,MOVING,retrofit1,track_19,
3176.0,2025-12-03T04:56:00+00:00,LOCO_03,MOVING,retrofit2,track_19,
3180.0,2025-12-03T05:00:00+00:00,LOCO_02,PARKING,,,
3180.5,2025-12-03T05:00:30+00:00,LOCO_01,MOVING,retrofit2,WS_03,
3181.0,2025-12-03T05:01:00+00:00,LOCO_03,PARKING,,,
3182.0,2025-12-03T05:02:00+00:00,LOCO_02,MOVING,track_19,retrofit1,
3183.0,2025-12-03T05:03:00+00:00,LOCO_03,MOVING,track_19,retrofit2,
3190.0,2025-12-03T05:10:00+00:00,LOCO_02,MOVING,retrofit1,WS_01,
3191.0,2025-12-03T05:11:00+00:00,LOCO_03,MOVING,retrofit2,WS_02,
3191.5,2025-12-03T05:11:30+00:00,LOCO_01,MOVING,WS_03,track_19,
3196.5,2025-12-03T05:16:30+00:00,LOCO_01,ALLOCATED,,,batch_transport
3196.5,2025-12-03T05:16:30+00:00,LOCO_01,MOVING,track_19,retrofitted1,
3201.0,2025-12-03T05:21:00+00:00,LOCO_02,MOVING,WS_01,track_19,
3202.0,2025-12-03T05:22:00+00:00,LOCO_03,MOVING,WS_02,track_19,
3202.5,2025-12-03T05:22:30+00:00,LOCO_04,ALLOCATED,,,batch_transport
3205.5,2025-12-03T05:25:30+00:00,LOCO_01,MOVING,retrofitted1,parking6,
3205.5,2025-12-03T05:25:30+00:00,LOCO_04,MOVING,collection2,retrofit1,
3206.0,2025-12-03T05:26:00+00:00,LOCO_02,MOVING,track_19,collection1,
3207.0,2025-12-03T05:27:00+00:00,LOCO_03,MOVING,track_19,collection3,
3216.0,2025-12-03T05:36:00+00:00,LOCO_01,MOVING,parking6,track_19,
3252.0,2025-12-03T06:12:00+00:00,LOCO_01,MOVING,track_19,WS_03,
3259.0,2025-12-03T06:19:00+00:00,LOCO_01,MOVING,WS_03,retrofitted1,
3264.0,2025-12-03T06:24:00+00:00,LOCO_01,MOVING,retrofitted1,track_19,
3266.0,2025-12-03T06:26:00+00:00,LOCO_02,ALLOCATED,,,batch_transport
3267.0,2025-12-03T06:27:00+00:00,LOCO_03,ALLOCATED,,,batch_transport
3268.5,2025-12-03T06:28:30+00:00,LOCO_04,MOVING,retrofit1,track_19,
3269.0,2025-12-03T06:29:00+00:00,LOCO_01,MOVING,track_19,WS_01,
3272.0,2025-12-03T06:32:00+00:00,LOCO_03,MOVING,collection3,retrofit1,
3273.5,2025-12-03T06:33:30+00:00,LOCO_04,PARKING,,,
3273.5,2025-12-03T06:33:30+00:00,LOCO_04,MOVING,track_19,WS_02,
3275.0,2025-12-03T06:35:00+00:00,LOCO_02,MOVING,collection1,retrofit2,
3276.0,2025-12-03T06:36:00+00:00,LOCO_01,MOVING,WS_01,retrofitted1,
3280.5,2025-12-03T06:40:30+00:00,LOCO_04,MOVING,WS_02,retrofitted1,
3281.0,2025-12-03T06:41:00+00:00,LOCO_01,MOVING,retrofitted1,track_19,
3285.5,2025-12-03T06:45:30+00:00,LOCO_04,MOVING,retrofitted1,track_19,
3286.0,2025-12-03T06:46:00+00:00,LOCO_01,ALLOCATED,,,batch_transport
3286.0,2025-12-03T06:46:00+00:00,LOCO_01,MOVING,track_19,retrofitted1,
3292.5,2025-12-03T06:52:30+00:00,LOCO_04,MOVING,track_19,retrofit1,
3293.0,2025-12-03T06:53:00+00:00,LOCO_01,MOVING,retrofitted1,parking7,
3299.5,2025-12-03T06:59:30+00:00,LOCO_01,MOVING,parking7,track_19,
3300.5,2025-12-03T07:00:30+00:00,LOCO_04,MOVING,retrofit1,WS_03,
3304.5,2025-12-03T07:04:30+00:00,LOCO_01,MOVING,track_19,collection2,
3311.5,2025-12-03T07:11:30+00:00,LOCO_04,MOVING,WS_03,track_19,
3318.5,2025-12-03T07:18:30+00:00,LOCO_04,MOVING,track_19,retrofit2,
3326.5,2025-12-03T07:26:30+00:00,LOCO_04,MOVING,retrofit2,WS_01,
3337.5,2025-12-03T07:37:30+00:00,LOCO_04,MOVING,WS_01,track_19,
3341.0,2025-12-03T07:41:00+00:00,LOCO_03,MOVING,retrofit1,track_19,
3344.5,2025-12-03T07:44:30+00:00,LOCO_04,MOVING,track_19,retrofit1,
3346.0,2025-12-03T07:46:00+00:00,LOCO_03,PARKING,,,
3346.0,2025-12-03T07:46:00+00:00,LOCO_03,ALLOCATED,,,batch_transport
3346.0,2025-12-03T07:46:00+00:00,LOCO_03,MOVING,track_19,retrofitted1,
3352.5,2025-12-03T07:52:30+00:00,LOCO_04,MOVING,retrofit1,WS_02,
3354.0,2025-12-03T07:54:00+00:00,LOCO_03,MOVING,retrofitted1,parking3,
3356.0,2025-12-03T07:56:00+00:00,LOCO_02,MOVING,retrofit2,track_19,
3361.0,2025-12-03T08:01:00+00:00,LOCO_02,PARKING,,,
3361.0,2025-12-03T08:01:00+00:00,LOCO_02,MOVING,track_19,collection3,
3362.5,2025-12-03T08:02:30+00:00,LOCO_03,MOVING,parking3,track_19,
3363.5,2025-12-03T08:03:30+00:00,LOCO_04,MOVING,WS_02,track_19,
3364.5,2025-12-03T08:04:30+00:00,LOCO_01,ALLOCATED,,,batch_transport
3367.5,2025-12-03T08:07:30+00:00,LOCO_01,MOVING,collection2,retrofit1,
3367.5,2025-12-03T08:07:30+00:00,LOCO_03,MOVING,track_19,collection1,
3372.0,2025-12-03T08:12:00+00:00,LOCO_04,MOVING,track_19,WS_03,
3379.0,2025-12-03T08:19:00+00:00,LOCO_04,MOVING,WS_03,retrofitted1,
3384.0,2025-12-03T08:24:00+00:00,LOCO_04,MOVING,retrofitted1,track_19,
3389.0,2025-12-03T08:29:00+00:00,LOCO_04,ALLOCATED,,,batch_transport
3389.0,2025-12-03T08:29:00+00:00,LOCO_04,MOVING,track_19,retrofitted1,
3396.0,2025-12-03T08:36:00+00:00,LOCO_04,MOVING,retrofitted1,parking8,
3402.5,2025-12-03T08:42:30+00:00,LOCO_04,MOVING,parking8,track_19,
3409.5,2025-12-03T08:49:30+00:00,LOCO_04,MOVING,track_19,retrofit2,
3417.5,2025-12-03T08:57:30+00:00,LOCO_04,MOVING,retrofit2,WS_03,
3421.0,2025-12-03T09:01:00+00:00,LOCO_02,ALLOCATED,,,batch_transport
3426.0,2025-12-03T09:06:00+00:00,LOCO_02,MOVING,collection3,retrofit1,
3427.5,2025-12-03T09:07:30+00:00,LOCO_03,ALLOCATED,,,batch_transport
3428.5,2025-12-03T09:08:30+00:00,LOCO_04,MOVING,WS_03,track_19,
3430.5,2025-12-03T09:10:30+00:00,LOCO_01,MOVING,retrofit1,track_19,
3432.5,2025-12-03T09:12:30+00:00,LOCO_03,MOVING,collection1,retrofit2,
3433.5,2025-12-03T09:13:30+00:00,LOCO_04,MOVING,track_19,WS_01,
3435.5,2025-12-03T09:15:30+00:00,LOCO_01,PARKING,,,
3435.5,2025-12-03T09:15:30+00:00,LOCO_01,MOVING,track_19,WS_02,
3440.5,2025-12-03T09:20:30+00:00,LOCO_04,MOVING,WS_01,retrofitted1,
3442.5,2025-12-03T09:22:30+00:00,LOCO_01,MOVING,WS_02,retrofitted1,
3445.5,2025-12-03T09:25:30+00:00,LOCO_04,MOVING,retrofitted1,track_19,
3447.5,2025-12-03T09:27:30+00:00,LOCO_01,MOVING,retrofitted1,track_19,
3450.5,2025-12-03T09:30:30+00:00,LOCO_04,MOVING,track_19,collection2,
3452.5,2025-12-03T09:32:30+00:00,LOCO_01,ALLOCATED,,,batch_transport
3452.5,2025-12-03T09:32:30+00:00,LOCO_01,MOVING,track_19,retrofitted1,
3459.5,2025-12-03T09:39:30+00:00,LOCO_01,MOVING,retrofitted1,parking9,
3466.0,2025-12-03T09:46:00+00:00,LOCO_01,MOVING,parking9,track_19,
3473.0,2025-12-03T09:53:00+00:00,LOCO_01,MOVING,track_19,retrofit1,
3481.0,2025-12-03T10:01:00+00:00,LOCO_01,MOVING,retrofit1,WS_01,
3492.0,2025-12-03T10:12:00+00:00,LOCO_01,MOVING,WS_01,track_19,
3495.0,2025-12-03T10:15:00+00:00,LOCO_02,MOVING,retrofit1,track_19,
3499.0,2025-12-03T10:19:00+00:00,LOCO_01,MOVING,track_19,retrofit2,
3500.0,2025-12-03T10:20:00+00:00,LOCO_02,PARKING,,,
3500.0,2025-12-03T10:20:00+00:00,LOCO_02,ALLOCATED,,,batch_transport
3500.0,2025-12-03T10:20:00+00:00,LOCO_02,MOVING,track_19,retrofitted1,
3501.5,2025-12-03T10:21:30+00:00,LOCO_03,MOVING,retrofit2,track_19,
3506.5,2025-12-03T10:26:30+00:00,LOCO_03,PARKING,,,
3506.5,2025-12-03T10:26:30+00:00,LOCO_03,MOVING,track_19,WS_03,
3507.0,2025-12-03T10:27:00+00:00,LOCO_02,MOVING,retrofitted1,parking10,
3507.0,2025-12-03T10:27:00+00:00,LOCO_01,MOVING,retrofit2,WS_02,
3510.5,2025-12-03T10:30:30+00:00,LOCO_04,ALLOCATED,,,batch_transport
3513.5,2025-12-03T10:33:30+00:00,LOCO_04,MOVING,collection2,retrofit2,
3513.5,2025-12-03T10:33:30+00:00,LOCO_03,MOVING,WS_03,retrofitted1,
3518.0,2025-12-03T10:38:00+00:00,LOCO_01,MOVING,WS_02,track_19,
3518.5,2025-12-03T10:38:30+00:00,LOCO_03,MOVING,retrofitted1,track_19,
3523.0,2025-12-03T10:43:00+00:00,LOCO_01,MOVING,track_19,collection3,
3523.5,2025-12-03T10:43:30+00:00,LOCO_03,MOVING,track_19,collection1,
3568.5,2025-12-03T11:28:30+00:00,LOCO_02,MOVING,parking10,track_19,
3576.5,2025-12-03T11:36:30+00:00,LOCO_04,MOVING,retrofit2,track_19,
3581.5,2025-12-03T11:41:30+00:00,LOCO_04,PARKING,,,
3583.0,2025-12-03T11:43:00+00:00,LOCO_01,ALLOCATED,,,batch_transport
3583.5,2025-12-03T11:43:30+00:00,LOCO_03,ALLOCATED,,,batch_transport
3583.5,2025-12-03T11:43:30+00:00,LOCO_04,MOVING,track_19,retrofit1,
3588.0,2025-12-03T11:48:00+00:00,LOCO_01,MOVING,collection3,retrofit1,
3588.5,2025-12-03T11:48:30+00:00,LOCO_03,MOVING,collection1,retrofit2,
3591.5,2025-12-03T11:51:30+00:00,LOCO_04,MOVING,retrofit1,WS_03,
3602.5,2025-12-03T12:02:30+00:00,LOCO_04,MOVING,WS_03,track_19,
3607.5,2025-12-03T12:07:30+00:00,LOCO_04,MOVING,track_19,WS_01,
3614.5,2025-12-03T12:14:30+00:00,LOCO_04,MOVING,WS_01,retrofitted1,
3619.5,2025-12-03T12:19:30+00:00,LOCO_04,MOVING,retrofitted1,track_19,
3624.5,2025-12-03T12:24:30+00:00,LOCO_04,MOVING,track_19,WS_02,
3628.5,2025-12-03T12:28:30+00:00,LOCO_02,MOVING,track_19,collection2,
3631.5,2025-12-03T12:31:30+00:00,LOCO_04,MOVING,WS_02,retrofitted1,
3636.5,2025-12-03T12:36:30+00:00,LOCO_04,MOVING,retrofitted1,track_19,
3643.5,2025-12-03T12:43:30+00:00,LOCO_04,MOVING,track_19,retrofit2,
3651.5,2025-12-03T12:51:30+00:00,LOCO_04,MOVING,retrofit2,WS_01,
3657.0,2025-12-03T12:57:00+00:00,LOCO_01,MOVING,retrofit1,track_19,
3657.5,2025-12-03T12:57:30+00:00,LOCO_03,MOVING,retrofit2,track_19,
3662.0,2025-12-03T13:02:00+00:00,LOCO_01,PARKING,,,
3662.0,2025-12-03T13:02:00+00:00,LOCO_01,ALLOCATED,,,batch_transport
3662.0,2025-12-03T13:02:00+00:00,LOCO_01,MOVING,track_19,retrofitted1,
3662.5,2025-12-03T13:02:30+00:00,LOCO_03,PARKING,,,
3662.5,2025-12-03T13:02:30+00:00,LOCO_04,MOVING,WS_01,track_19,
3664.5,2025-12-03T13:04:30+00:00,LOCO_03,MOVING,track_19,retrofit1,
3667.5,2025-12-03T13:07:30+00:00,LOCO_04,MOVING,track_19,collection3,
3670.0,2025-12-03T13:10:00+00:00,LOCO_01,MOVING,retrofitted1,parking11,
3672.5,2025-12-03T13:12:30+00:00,LOCO_03,MOVING,retrofit1,WS_02,
3683.5,2025-12-03T13:23:30+00:00,LOCO_03,MOVING,WS_02,track_19,
3688.5,2025-12-03T13:28:30+00:00,LOCO_02,ALLOCATED,,,batch_transport
3688.5,2025-12-03T13:28:30+00:00,LOCO_03,MOVING,track_19,collection1,
3693.5,2025-12-03T13:33:30+00:00,LOCO_02,MOVING,collection2,retrofit1,
3727.5,2025-12-03T14:07:30+00:00,LOCO_04,ALLOCATED,,,batch_transport
3733.5,2025-12-03T14:13:30+00:00,LOCO_01,MOVING,parking11,track_19,
3734.5,2025-12-03T14:14:30+00:00,LOCO_04,MOVING,collection3,retrofit2,
3748.5,2025-12-03T14:28:30+00:00,LOCO_03,ALLOCATED,,,batch_transport
3753.5,2025-12-03T14:33:30+00:00,LOCO_03,MOVING,collection1,retrofit1,
3762.5,2025-12-03T14:42:30+00:00,LOCO_02,MOVING,retrofit1,track_19,
3767.5,2025-12-03T14:47:30+00:00,LOCO_02,PARKING,,,
3767.5,2025-12-03T14:47:30+00:00,LOCO_02,MOVING,track_19,WS_03,
3774.5,2025-12-03T14:54:30+00:00,LOCO_02,MOVING,WS_03,retrofitted1,
3779.5,2025-12-03T14:59:30+00:00,LOCO_02,MOVING,retrofitted1,track_19,
3784.5,2025-12-03T15:04:30+00:00,LOCO_02,MOVING,track_19,WS_01,
3791.5,2025-12-03T15:11:30+00:00,LOCO_02,MOVING,WS_01,retrofitted1,
3793.5,2025-12-03T15:13:30+00:00,LOCO_01,MOVING,track_19,WS_02,
3796.5,2025-12-03T15:16:30+00:00,LOCO_02,MOVING,retrofitted1,track_19,
3800.5,2025-12-03T15:20:30+00:00,LOCO_01,MOVING,WS_02,retrofitted1,
3803.5,2025-12-03T15:23:30+00:00,LOCO_02,MOVING,track_19,retrofit2,
3805.5,2025-12-03T15:25:30+00:00,LOCO_01,MOVING,retrofitted1,track_19,
3809.5,2025-12-03T15:29:30+00:00,LOCO_04,MOVING,retrofit2,track_19,
3810.5,2025-12-03T15:30:30+00:00,LOCO_01,ALLOCATED,,,batch_transport
3810.5,2025-12-03T15:30:30+00:00,LOCO_01,MOVING,track_19,retrofitted1,
3811.5,2025-12-03T15:31:30+00:00,LOCO_02,MOVING,retrofit2,WS_03,
3814.5,2025-12-03T15:34:30+00:00,LOCO_04,PARKING,,,
3816.5,2025-12-03T15:36:30+00:00,LOCO_04,MOVING,track_19,retrofit1,
3818.5,2025-12-03T15:38:30+00:00,LOCO_01,MOVING,retrofitted1,parking12,
3822.5,2025-12-03T15:42:30+00:00,LOCO_03,MOVING,retrofit1,track_19,
3822.5,2025-12-03T15:42:30+00:00,LOCO_02,MOVING,WS_03,track_19,
3824.5,2025-12-03T15:44:30+00:00,LOCO_04,MOVING,retrofit1,WS_01,
3827.5,2025-12-03T15:47:30+00:00,LOCO_03,PARKING,,,
3827.5,2025-12-03T15:47:30+00:00,LOCO_03,MOVING,track_19,collection2,
3829.5,2025-12-03T15:49:30+00:00,LOCO_02,MOVING,track_19,retrofit2,
3835.5,2025-12-03T15:55:30+00:00,LOCO_04,MOVING,WS_01,track_19,
3837.5,2025-12-03T15:57:30+00:00,LOCO_02,MOVING,retrofit2,WS_02,
3840.5,2025-12-03T16:00:30+00:00,LOCO_04,MOVING,track_19,collection3,
3848.5,2025-12-03T16:08:30+00:00,LOCO_02,MOVING,WS_02,track_19,
3853.5,2025-12-03T16:13:30+00:00,LOCO_02,MOVING,track_19,collection1,
3882.0,2025-12-03T16:42:00+00:00,LOCO_01,MOVING,parking12,track_19,
3887.5,2025-12-03T16:47:30+00:00,LOCO_03,ALLOCATED,,,batch_transport
3890.5,2025-12-03T16:50:30+00:00,LOCO_03,MOVING,collection2,retrofit1,
3900.5,2025-12-03T17:00:30+00:00,LOCO_04,ALLOCATED,,,batch_transport
3909.5,2025-12-03T17:09:30+00:00,LOCO_04,MOVING,collection3,retrofit2,
3913.5,2025-12-03T17:13:30+00:00,LOCO_02,ALLOCATED,,,batch_transport
3916.5,2025-12-03T17:16:30+00:00,LOCO_02,MOVING,collection1,retrofit1,
3942.0,2025-12-03T17:42:00+00:00,LOCO_01,MOVING,track_19,WS_03,
3949.0,2025-12-03T17:49:00+00:00,LOCO_01,MOVING,WS_03,retrofitted1,
3953.5,2025-12-03T17:53:30+00:00,LOCO_03,MOVING,retrofit1,track_19,
3954.0,2025-12-03T17:54:00+00:00,LOCO_01,MOVING,retrofitted1,track_19,
3958.5,2025-12-03T17:58:30+00:00,LOCO_03,PARKING,,,
3958.5,2025-12-03T17:58:30+00:00,LOCO_03,MOVING,track_19,WS_01,
3959.0,2025-12-03T17:59:00+00:00,LOCO_01,MOVING,track_19,WS_02,
3965.5,2025-12-03T18:05:30+00:00,LOCO_03,MOVING,WS_01,retrofitted1,
3966.0,2025-12-03T18:06:00+00:00,LOCO_01,MOVING,WS_02,retrofitted1,
3970.5,2025-12-03T18:10:30+00:00,LOCO_03,MOVING,retrofitted1,track_19,
3971.0,2025-12-03T18:11:00+00:00,LOCO_01,MOVING,retrofitted1,track_19,
3975.5,2025-12-03T18:15:30+00:00,LOCO_03,ALLOCATED,,,batch_transport
3975.5,2025-12-03T18:15:30+00:00,LOCO_03,MOVING,track_19,retrofitted1,
3978.0,2025-12-03T18:18:00+00:00,LOCO_01,MOVING,track_19,retrofit1,
3979.5,2025-12-03T18:19:30+00:00,LOCO_02,MOVING,retrofit1,track_19,
3983.5,2025-12-03T18:23:30+00:00,LOCO_03,MOVING,retrofitted1,parking7,
3984.5,2025-12-03T18:24:30+00:00,LOCO_02,PARKING,,,
3986.0,2025-12-03T18:26:00+00:00,LOCO_01,MOVING,retrofit1,WS_03,
3986.5,2025-12-03T18:26:30+00:00,LOCO_02,MOVING,track_19,retrofit2,
3990.5,2025-12-03T18:30:30+00:00,LOCO_04,MOVING,retrofit2,track_19,
3992.0,2025-12-03T18:32:00+00:00,LOCO_03,MOVING,parking7,track_19,
3994.5,2025-12-03T18:34:30+00:00,LOCO_02,MOVING,retrofit2,WS_01,
3995.5,2025-12-03T18:35:30+00:00,LOCO_04,PARKING,,,
3995.5,2025-12-03T18:35:30+00:00,LOCO_04,MOVING,track_19,collection2,
3997.0,2025-12-03T18:37:00+00:00,LOCO_01,MOVING,WS_03,track_19,
3999.0,2025-12-03T18:39:00+00:00,LOCO_03,MOVING,track_19,retrofit1,
4002.0,2025-12-03T18:42:00+00:00,LOCO_01,MOVING,track_19,collection1,
4005.5,2025-12-03T18:45:30+00:00,LOCO_02,MOVING,WS_01,track_19,
4007.0,2025-12-03T18:47:00+00:00,LOCO_03,MOVING,retrofit1,WS_02,
4010.5,2025-12-03T18:50:30+00:00,LOCO_02,ALLOCATED,,,batch_transport
4010.5,2025-12-03T18:50:30+00:00,LOCO_02,MOVING,track_19,retrofitted1,
4018.0,2025-12-03T18:58:00+00:00,LOCO_03,MOVING,WS_02,track_19,
4019.0,2025-12-03T18:59:00+00:00,LOCO_02,MOVING,retrofitted1,parking8,
4028.5,2025-12-03T19:08:30+00:00,LOCO_02,MOVING,parking8,track_19,
4033.5,2025-12-03T19:13:30+00:00,LOCO_03,ALLOCATED,,,batch_transport
4033.5,2025-12-03T19:13:30+00:00,LOCO_03,MOVING,track_19,retrofitted1,
4040.0,2025-12-03T19:20:00+00:00,LOCO_03,MOVING,retrofitted1,parking1,
4045.5,2025-12-03T19:25:30+00:00,LOCO_03,MOVING,parking1,track_19,
4055.5,2025-12-03T19:35:30+00:00,LOCO_04,ALLOCATED,,,batch_transport
4057.5,2025-12-03T19:37:30+00:00,LOCO_02,MOVING,track_19,WS_03,
4058.5,2025-12-03T19:38:30+00:00,LOCO_04,MOVING,collection2,retrofit2,
4062.0,2025-12-03T19:42:00+00:00,LOCO_01,ALLOCATED,,,batch_transport
4064.5,2025-12-03T19:44:30+00:00,LOCO_02,MOVING,WS_03,retrofitted1,
4066.0,2025-12-03T19:46:00+00:00,LOCO_03,MOVING,track_19,WS_01,
4069.0,2025-12-03T19:49:00+00:00,LOCO_01,MOVING,collection1,retrofit1,
4069.5,2025-12-03T19:49:30+00:00,LOCO_02,MOVING,retrofitted1,track_19,
4073.0,2025-12-03T19:53:00+00:00,LOCO_03,MOVING,WS_01,retrofitted1,
4074.5,2025-12-03T19:54:30+00:00,LOCO_02,ALLOCATED,,,batch_transport
4074.5,2025-12-03T19:54:30+00:00,LOCO_02,MOVING,track_19,retrofitted1,
4078.0,2025-12-03T19:58:00+00:00,LOCO_03,MOVING,retrofitted1,track_19,
4081.5,2025-12-03T20:01:30+00:00,LOCO_02,MOVING,retrofitted1,parking10,
4085.0,2025-12-03T20:05:00+00:00,LOCO_03,MOVING,track_19,retrofit2,
4093.0,2025-12-03T20:13:00+00:00,LOCO_03,MOVING,retrofit2,WS_03,
4104.0,2025-12-03T20:24:00+00:00,LOCO_03,MOVING,WS_03,track_19,
4109.0,2025-12-03T20:29:00+00:00,LOCO_03,MOVING,track_19,WS_02,
4116.0,2025-12-03T20:36:00+00:00,LOCO_03,MOVING,WS_02,retrofitted1,
4121.0,2025-12-03T20:41:00+00:00,LOCO_03,MOVING,retrofitted1,track_19,
4121.5,2025-12-03T20:41:30+00:00,LOCO_04,MOVING,retrofit2,track_19,
4126.5,2025-12-03T20:46:30+00:00,LOCO_04,PARKING,,,
4128.0,2025-12-03T20:48:00+00:00,LOCO_03,MOVING,track_19,retrofit1,
4128.5,2025-12-03T20:48:30+00:00,LOCO_04,MOVING,track_19,retrofit2,
4136.0,2025-12-03T20:56:00+00:00,LOCO_03,MOVING,retrofit1,WS_01,
4136.5,2025-12-03T20:56:30+00:00,LOCO_04,MOVING,retrofit2,WS_02,
4143.0,2025-12-03T21:03:00+00:00,LOCO_02,MOVING,parking10,track_19,
4144.0,2025-12-03T21:04:00+00:00,LOCO_01,MOVING,retrofit1,track_19,
4147.0,2025-12-03T21:07:00+00:00,LOCO_03,MOVING,WS_01,track_19,
4147.5,2025-12-03T21:07:30+00:00,LOCO_04,MOVING,WS_02,track_19,
4149.0,2025-12-03T21:09:00+00:00,LOCO_01,PARKING,,,
4149.0,2025-12-03T21:09:00+00:00,LOCO_01,MOVING,track_19,collection2,
4164.5,2025-12-03T21:24:30+00:00,LOCO_03,MOVING,track_19,WS_03,
4171.5,2025-12-03T21:31:30+00:00,LOCO_03,MOVING,WS_03,retrofitted1,
4176.5,2025-12-03T21:36:30+00:00,LOCO_03,MOVING,retrofitted1,track_19,
4183.5,2025-12-03T21:43:30+00:00,LOCO_04,MOVING,track_19,retrofit1,
4191.5,2025-12-03T21:51:30+00:00,LOCO_04,MOVING,retrofit1,WS_03,
4202.5,2025-12-03T22:02:30+00:00,LOCO_04,MOVING,WS_03,track_19,
4203.0,2025-12-03T22:03:00+00:00,LOCO_03,ALLOCATED,,,batch_transport
4203.0,2025-12-03T22:03:00+00:00,LOCO_03,MOVING,track_19,retrofitted1,
4207.5,2025-12-03T22:07:30+00:00,LOCO_02,MOVING,track_19,WS_01,
4208.0,2025-12-03T22:08:00+00:00,LOCO_04,MOVING,track_19,WS_02,
4209.0,2025-12-03T22:09:00+00:00,LOCO_01,ALLOCATED,,,batch_transport
4211.5,2025-12-03T22:11:30+00:00,LOCO_03,MOVING,retrofitted1,parking9,
4214.5,2025-12-03T22:14:30+00:00,LOCO_02,MOVING,WS_01,retrofitted1,
4215.0,2025-12-03T22:15:00+00:00,LOCO_04,MOVING,WS_02,retrofitted1,
4219.5,2025-12-03T22:19:30+00:00,LOCO_02,MOVING,retrofitted1,track_19,
4220.0,2025-12-03T22:20:00+00:00,LOCO_01,MOVING,collection2,retrofit2,
4220.0,2025-12-03T22:20:00+00:00,LOCO_04,MOVING,retrofitted1,track_19,
4221.0,2025-12-03T22:21:00+00:00,LOCO_03,MOVING,parking9,track_19,
4226.0,2025-12-03T22:26:00+00:00,LOCO_03,ALLOCATED,,,batch_transport
4226.0,2025-12-03T22:26:00+00:00,LOCO_03,MOVING,track_19,retrofitted1,
4226.5,2025-12-03T22:26:30+00:00,LOCO_02,MOVING,track_19,retrofit2,
4227.0,2025-12-03T22:27:00+00:00,LOCO_04,MOVING,track_19,retrofit1,
4234.0,2025-12-03T22:34:00+00:00,LOCO_03,MOVING,retrofitted1,parking1,
4234.5,2025-12-03T22:34:30+00:00,LOCO_02,MOVING,retrofit2,WS_01,
4235.0,2025-12-03T22:35:00+00:00,LOCO_04,MOVING,retrofit1,WS_02,
4242.5,2025-12-03T22:42:30+00:00,LOCO_03,MOVING,parking1,track_19,
4245.5,2025-12-03T22:45:30+00:00,LOCO_02,MOVING,WS_01,track_19,
4246.0,2025-12-03T22:46:00+00:00,LOCO_04,MOVING,WS_02,track_19,
4247.5,2025-12-03T22:47:30+00:00,LOCO_03,ALLOCATED,,,batch_transport
4247.5,2025-12-03T22:47:30+00:00,LOCO_03,MOVING,track_19,retrofitted1,
4254.0,2025-12-03T22:54:00+00:00,LOCO_03,MOVING,retrofitted1,parking14,
4263.0,2025-12-03T23:03:00+00:00,LOCO_02,MOVING,track_19,WS_03,
4270.0,2025-12-03T23:10:00+00:00,LOCO_02,MOVING,WS_03,retrofitted1,
4275.0,2025-12-03T23:15:00+00:00,LOCO_02,MOVING,retrofitted1,track_19,
4282.0,2025-12-03T23:22:00+00:00,LOCO_04,MOVING,track_19,retrofit2,
4290.0,2025-12-03T23:30:00+00:00,LOCO_04,MOVING,retrofit2,WS_03,
4301.0,2025-12-03T23:41:00+00:00,LOCO_04,MOVING,WS_03,track_19,
4306.0,2025-12-03T23:46:00+00:00,LOCO_02,MOVING,track_19,WS_01,
4306.5,2025-12-03T23:46:30+00:00,LOCO_04,MOVING,track_19,WS_02,
4307.0,2025-12-03T23:47:00+00:00,LOCO_01,MOVING,retrofit2,track_19,
4312.0,2025-12-03T23:52:00+00:00,LOCO_01,PARKING,,,
4312.0,2025-12-03T23:52:00+00:00,LOCO_01,MOVING,track_19,collection2,
4313.0,2025-12-03T23:53:00+00:00,LOCO_02,MOVING,WS_01,retrofitted1,
4313.5,2025-12-03T23:53:30+00:00,LOCO_04,MOVING,WS_02,retrofitted1,
4314.5,2025-12-03T23:54:30+00:00,LOCO_03,MOVING,parking14,track_19,
4318.0,2025-12-03T23:58:00+00:00,LOCO_02,MOVING,retrofitted1,track_19,
4318.5,2025-12-03T23:58:30+00:00,LOCO_04,MOVING,retrofitted1,track_19,
4325.0,2025-12-04T00:05:00+00:00,LOCO_02,MOVING,track_19,retrofit1,
4325.5,2025-12-04T00:05:30+00:00,LOCO_04,MOVING,track_19,retrofit2,
4333.0,2025-12-04T00:13:00+00:00,LOCO_02,MOVING,retrofit1,WS_01,
4333.5,2025-12-04T00:13:30+00:00,LOCO_04,MOVING,retrofit2,WS_02,
4344.0,2025-12-04T00:24:00+00:00,LOCO_02,MOVING,WS_01,track_19,
4344.5,2025-12-04T00:24:30+00:00,LOCO_04,MOVING,WS_02,track_19,
4361.5,2025-12-04T00:41:30+00:00,LOCO_02,MOVING,track_19,WS_03,
4368.5,2025-12-04T00:48:30+00:00,LOCO_02,MOVING,WS_03,retrofitted1,
4372.0,2025-12-04T00:52:00+00:00,LOCO_01,ALLOCATED,,,batch_transport
4373.5,2025-12-04T00:53:30+00:00,LOCO_02,MOVING,retrofitted1,track_19,
4374.5,2025-12-04T00:54:30+00:00,LOCO_04,ALLOCATED,,,batch_transport
4374.5,2025-12-04T00:54:30+00:00,LOCO_04,MOVING,track_19,retrofitted1,
4380.5,2025-12-04T01:00:30+00:00,LOCO_03,MOVING,track_19,retrofit1,
4382.5,2025-12-04T01:02:30+00:00,LOCO_04,MOVING,retrofitted1,parking2,
4385.0,2025-12-04T01:05:00+00:00,LOCO_01,MOVING,collection2,retrofit1,
4388.5,2025-12-04T01:08:30+00:00,LOCO_03,MOVING,retrofit1,WS_03,
4391.0,2025-12-04T01:11:00+00:00,LOCO_04,MOVING,parking2,track_19,
4396.0,2025-12-04T01:16:00+00:00,LOCO_02,ALLOCATED,,,batch_transport
4396.0,2025-12-04T01:16:00+00:00,LOCO_02,MOVING,track_19,retrofitted1,
4399.5,2025-12-04T01:19:30+00:00,LOCO_03,MOVING,WS_03,track_19,
4403.5,2025-12-04T01:23:30+00:00,LOCO_02,MOVING,retrofitted1,parking15,
4404.5,2025-12-04T01:24:30+00:00,LOCO_04,MOVING,track_19,WS_01,
4405.0,2025-12-04T01:25:00+00:00,LOCO_03,MOVING,track_19,WS_02,
4411.5,2025-12-04T01:31:30+00:00,LOCO_04,MOVING,WS_01,retrofitted1,
4412.0,2025-12-04T01:32:00+00:00,LOCO_03,MOVING,WS_02,retrofitted1,
4416.5,2025-12-04T01:36:30+00:00,LOCO_04,MOVING,retrofitted1,track_19,
4417.0,2025-12-04T01:37:00+00:00,LOCO_03,MOVING,retrofitted1,track_19,
4423.5,2025-12-04T01:43:30+00:00,LOCO_04,MOVING,track_19,retrofit2,
4424.0,2025-12-04T01:44:00+00:00,LOCO_03,MOVING,track_19,retrofit1,
4431.5,2025-12-04T01:51:30+00:00,LOCO_04,MOVING,retrofit2,WS_01,
4432.0,2025-12-04T01:52:00+00:00,LOCO_03,MOVING,retrofit1,WS_02,
4442.5,2025-12-04T02:02:30+00:00,LOCO_04,MOVING,WS_01,track_19,
4443.0,2025-12-04T02:03:00+00:00,LOCO_03,MOVING,WS_02,track_19,
4460.0,2025-12-04T02:20:00+00:00,LOCO_04,MOVING,track_19,WS_03,
4466.0,2025-12-04T02:26:00+00:00,LOCO_02,MOVING,parking15,track_19,
4467.0,2025-12-04T02:27:00+00:00,LOCO_04,MOVING,WS_03,retrofitted1,
4472.0,2025-12-04T02:32:00+00:00,LOCO_04,MOVING,retrofitted1,track_19,
4478.0,2025-12-04T02:38:00+00:00,LOCO_01,MOVING,retrofit1,track_19,
4479.0,2025-12-04T02:39:00+00:00,LOCO_03,MOVING,track_19,retrofit2,
4483.0,2025-12-04T02:43:00+00:00,LOCO_01,PARKING,,,
4487.0,2025-12-04T02:47:00+00:00,LOCO_03,MOVING,retrofit2,WS_03,
4498.0,2025-12-04T02:58:00+00:00,LOCO_03,MOVING,WS_03,track_19,
4503.0,2025-12-04T03:03:00+00:00,LOCO_04,MOVING,track_19,WS_01,
4503.5,2025-12-04T03:03:30+00:00,LOCO_01,MOVING,track_19,WS_02,
4510.0,2025-12-04T03:10:00+00:00,LOCO_04,MOVING,WS_01,retrofitted1,
4510.5,2025-12-04T03:10:30+00:00,LOCO_01,MOVING,WS_02,retrofitted1,
4515.0,2025-12-04T03:15:00+00:00,LOCO_04,MOVING,retrofitted1,track_19,
4515.5,2025-12-04T03:15:30+00:00,LOCO_01,MOVING,retrofitted1,track_19,
4522.0,2025-12-04T03:22:00+00:00,LOCO_03,MOVING,track_19,retrofit1,
4522.5,2025-12-04T03:22:30+00:00,LOCO_04,MOVING,track_19,retrofit2,
4526.0,2025-12-04T03:26:00+00:00,LOCO_01,ALLOCATED,,,batch_transport
4526.0,2025-12-04T03:26:00+00:00,LOCO_01,MOVING,track_19,retrofitted1,
4530.0,2025-12-04T03:30:00+00:00,LOCO_03,MOVING,retrofit1,WS_01,
4530.5,2025-12-04T03:30:30+00:00,LOCO_04,MOVING,retrofit2,WS_02,
4533.5,2025-12-04T03:33:30+00:00,LOCO_01,MOVING,retrofitted1,parking3,
4541.0,2025-12-04T03:41:00+00:00,LOCO_03,MOVING,WS_01,track_19,
4541.0,2025-12-04T03:41:00+00:00,LOCO_01,MOVING,parking3,track_19,
4541.5,2025-12-04T03:41:30+00:00,LOCO_04,MOVING,WS_02,track_19,
4546.0,2025-12-04T03:46:00+00:00,LOCO_02,ALLOCATED,,,batch_transport
4546.0,2025-12-04T03:46:00+00:00,LOCO_02,MOVING,track_19,retrofitted1,
4554.0,2025-12-04T03:54:00+00:00,LOCO_02,MOVING,retrofitted1,parking14,
4558.5,2025-12-04T03:58:30+00:00,LOCO_03,MOVING,track_19,WS_03,
4565.5,2025-12-04T04:05:30+00:00,LOCO_03,MOVING,WS_03,retrofitted1,
4570.5,2025-12-04T04:10:30+00:00,LOCO_03,MOVING,retrofitted1,track_19,
4577.5,2025-12-04T04:17:30+00:00,LOCO_01,MOVING,track_19,retrofit1,
4585.5,2025-12-04T04:25:30+00:00,LOCO_01,MOVING,retrofit1,WS_03,
4596.5,2025-12-04T04:36:30+00:00,LOCO_01,MOVING,WS_03,track_19,
4601.5,2025-12-04T04:41:30+00:00,LOCO_04,MOVING,track_19,WS_01,
4602.0,2025-12-04T04:42:00+00:00,LOCO_03,MOVING,track_19,WS_02,
4608.5,2025-12-04T04:48:30+00:00,LOCO_04,MOVING,WS_01,retrofitted1,
4609.0,2025-12-04T04:49:00+00:00,LOCO_03,MOVING,WS_02,retrofitted1,
4613.5,2025-12-04T04:53:30+00:00,LOCO_04,MOVING,retrofitted1,track_19,
4614.0,2025-12-04T04:54:00+00:00,LOCO_03,MOVING,retrofitted1,track_19,
4617.5,2025-12-04T04:57:30+00:00,LOCO_02,MOVING,parking14,track_19,
4620.5,2025-12-04T05:00:30+00:00,LOCO_01,MOVING,track_19,retrofit2,
4621.0,2025-12-04T05:01:00+00:00,LOCO_04,MOVING,track_19,retrofit1,
4628.5,2025-12-04T05:08:30+00:00,LOCO_01,MOVING,retrofit2,WS_01,
4629.0,2025-12-04T05:09:00+00:00,LOCO_04,MOVING,retrofit1,WS_02,
4639.5,2025-12-04T05:19:30+00:00,LOCO_01,MOVING,WS_01,track_19,
4640.0,2025-12-04T05:20:00+00:00,LOCO_04,MOVING,WS_02,track_19,
4657.0,2025-12-04T05:37:00+00:00,LOCO_03,MOVING,track_19,WS_03,
4664.0,2025-12-04T05:44:00+00:00,LOCO_03,MOVING,WS_03,retrofitted1,
4669.0,2025-12-04T05:49:00+00:00,LOCO_03,MOVING,retrofitted1,track_19,
4676.0,2025-12-04T05:56:00+00:00,LOCO_01,MOVING,track_19,retrofit2,
4677.5,2025-12-04T05:57:30+00:00,LOCO_04,ALLOCATED,,,batch_transport
4677.5,2025-12-04T05:57:30+00:00,LOCO_04,MOVING,track_19,retrofitted1,
4684.0,2025-12-04T06:04:00+00:00,LOCO_01,MOVING,retrofit2,WS_03,
4685.0,2025-12-04T06:05:00+00:00,LOCO_04,MOVING,retrofitted1,parking5,
4692.5,2025-12-04T06:12:30+00:00,LOCO_04,MOVING,parking5,track_19,
4695.0,2025-12-04T06:15:00+00:00,LOCO_01,MOVING,WS_03,track_19,
4697.5,2025-12-04T06:17:30+00:00,LOCO_03,ALLOCATED,,,batch_transport
4697.5,2025-12-04T06:17:30+00:00,LOCO_03,MOVING,track_19,retrofitted1,
4700.0,2025-12-04T06:20:00+00:00,LOCO_02,MOVING,track_19,WS_01,
4700.5,2025-12-04T06:20:30+00:00,LOCO_04,MOVING,track_19,WS_02,
4705.0,2025-12-04T06:25:00+00:00,LOCO_03,MOVING,retrofitted1,parking16,
4707.0,2025-12-04T06:27:00+00:00,LOCO_02,MOVING,WS_01,retrofitted1,
4707.5,2025-12-04T06:27:30+00:00,LOCO_04,MOVING,WS_02,retrofitted1,
4712.0,2025-12-04T06:32:00+00:00,LOCO_02,MOVING,retrofitted1,track_19,
4712.5,2025-12-04T06:32:30+00:00,LOCO_04,MOVING,retrofitted1,track_19,
4719.0,2025-12-04T06:39:00+00:00,LOCO_01,MOVING,track_19,retrofit1,
4727.0,2025-12-04T06:47:00+00:00,LOCO_01,MOVING,retrofit1,WS_01,
4738.0,2025-12-04T06:58:00+00:00,LOCO_01,MOVING,WS_01,track_19,
4755.5,2025-12-04T07:15:30+00:00,LOCO_02,MOVING,track_19,WS_03,
4762.5,2025-12-04T07:22:30+00:00,LOCO_02,MOVING,WS_03,retrofitted1,
4767.5,2025-12-04T07:27:30+00:00,LOCO_02,MOVING,retrofitted1,track_19,
4767.5,2025-12-04T07:27:30+00:00,LOCO_03,MOVING,parking16,track_19,
4798.5,2025-12-04T07:58:30+00:00,LOCO_04,MOVING,track_19,WS_01,
4805.5,2025-12-04T08:05:30+00:00,LOCO_04,MOVING,WS_01,retrofitted1,
4810.5,2025-12-04T08:10:30+00:00,LOCO_04,MOVING,retrofitted1,track_19,
4827.5,2025-12-04T08:27:30+00:00,LOCO_01,ALLOCATED,,,batch_transport
4827.5,2025-12-04T08:27:30+00:00,LOCO_01,MOVING,track_19,retrofitted1,
4835.0,2025-12-04T08:35:00+00:00,LOCO_01,MOVING,retrofitted1,parking10,
4897.5,2025-12-04T09:37:30+00:00,LOCO_01,MOVING,parking10,track_19,
4957.5,2025-12-04T10:37:30+00:00,LOCO_02,ALLOCATED,,,batch_transport
4957.5,2025-12-04T10:37:30+00:00,LOCO_02,MOVING,track_19,retrofitted1,
4965.0,2025-12-04T10:45:00+00:00,LOCO_02,MOVING,retrofitted1,parking13,
5027.5,2025-12-04T11:47:30+00:00,LOCO_02,MOVING,parking13,track_19,
5087.5,2025-12-04T12:47:30+00:00,LOCO_04,ALLOCATED,,,batch_transport
5087.5,2025-12-04T12:47:30+00:00,LOCO_04,MOVING,track_19,retrofitted1,
5094.5,2025-12-04T12:54:30+00:00,LOCO_04,MOVING,retrofitted1,parking11,
5156.0,2025-12-04T13:56:00+00:00,LOCO_04,MOVING,parking11,track_19,
5216.0,2025-12-04T14:56:00+00:00,LOCO_03,ALLOCATED,,,batch_transport
5216.0,2025-12-04T14:56:00+00:00,LOCO_03,MOVING,track_19,retrofitted1,
5223.5,2025-12-04T15:03:30+00:00,LOCO_03,MOVING,retrofitted1,parking12,
5286.0,2025-12-04T16:06:00+00:00,LOCO_03,MOVING,parking12,track_19,
5346.0,2025-12-04T17:06:00+00:00,LOCO_01,ALLOCATED,,,batch_transport
5346.0,2025-12-04T17:06:00+00:00,LOCO_01,MOVING,track_19,retrofitted1,
5353.0,2025-12-04T17:13:00+00:00,LOCO_01,MOVING,retrofitted1,parking7,
5359.5,2025-12-04T17:19:30+00:00,LOCO_01,MOVING,parking7,track_19,
5364.5,2025-12-04T17:24:30+00:00,LOCO_02,ALLOCATED,,,batch_transport
5364.5,2025-12-04T17:24:30+00:00,LOCO_02,MOVING,track_19,retrofitted1,
5371.0,2025-12-04T17:31:00+00:00,LOCO_02,MOVING,retrofitted1,parking6,
5376.5,2025-12-04T17:36:30+00:00,LOCO_02,MOVING,parking6,track_19,
