timestamp,datetime,resource_id,resource_type,process_state,location,coupler_type,batch_id,rake_id,locomotive_id
420.0,2025-12-01T07:00:00+00:00,W0001,wagon,rake_coupling_started,collection1,SCREW,,,
420.0,2025-12-01T07:00:00+00:00,W0002,wagon,rake_coupling_started,collection1,SCREW,,,
420.0,2025-12-01T07:00:00+00:00,W0003,wagon,rake_coupling_started,collection1,SCREW,,,
420.0,2025-12-01T07:00:00+00:00,W0004,wagon,rake_coupling_started,collection1,SCREW,,,
420.0,2025-12-01T07:00:00+00:00,W0005,wagon,rake_coupling_started,collection1,SCREW,,,
420.0,2025-12-01T07:00:00+00:00,W0006,wagon,rake_coupling_started,collection1,SCREW,,,
579.5,2025-12-01T09:39:30+00:00,W0001,wagon,rake_coupling_started,WS_01,DAC,,,
579.5,2025-12-01T09:39:30+00:00,W0002,wagon,rake_coupling_started,WS_01,DAC,,,
579.5,2025-12-01T09:39:30+00:00,W0003,wagon,rake_coupling_started,WS_02,DAC,,,
579.5,2025-12-01T09:39:30+00:00,W0004,wagon,rake_coupling_started,WS_02,DAC,,,
579.5,2025-12-01T09:39:30+00:00,W0005,wagon,rake_coupling_started,WS_03,DAC,,,
579.5,2025-12-01T09:39:30+00:00,W0006,wagon,rake_coupling_started,WS_03,DAC,,,
581.5,2025-12-01T09:41:30+00:00,W0001,wagon,rake_coupling_completed,WS_01,DAC,,,
581.5,2025-12-01T09:41:30+00:00,W0002,wagon,rake_coupling_completed,WS_01,DAC,,,
581.5,2025-12-01T09:41:30+00:00,W0003,wagon,rake_coupling_completed,WS_02,DAC,,,
581.5,2025-12-01T09:41:30+00:00,W0004,wagon,rake_coupling_completed,WS_02,DAC,,,
581.5,2025-12-01T09:41:30+00:00,W0005,wagon,rake_coupling_completed,WS_03,DAC,,,
581.5,2025-12-01T09:41:30+00:00,W0006,wagon,rake_coupling_completed,WS_03,DAC,,,
708.0,2025-12-01T11:48:00+00:00,W0007,wagon,rake_coupling_started,collection1,SCREW,,,
708.0,2025-12-01T11:48:00+00:00,W0008,wagon,rake_coupling_started,collection1,SCREW,,,
708.0,2025-12-01T11:48:00+00:00,W0009,wagon,rake_coupling_started,collection1,SCREW,,,
708.0,2025-12-01T11:48:00+00:00,W0010,wagon,rake_coupling_started,collection1,SCREW,,,
708.0,2025-12-01T11:48:00+00:00,W0011,wagon,rake_coupling_started,collection1,SCREW,,,
708.0,2025-12-01T11:48:00+00:00,W0012,wagon,rake_coupling_started,collection1,SCREW,,,
708.0,2025-12-01T11:48:00+00:00,W0013,wagon,rake_coupling_started,collection1,SCREW,,,
708.0,2025-12-01T11:48:00+00:00,W0014,wagon,rake_coupling_started,collection1,SCREW,,,
708.0,2025-12-01T11:48:00+00:00,W0015,wagon,rake_coupling_started,collection1,SCREW,,,
708.0,2025-12-01T11:48:00+00:00,W0016,wagon,rake_coupling_started,collection1,SCREW,,,
708.0,2025-12-01T11:48:00+00:00,W0017,wagon,rake_coupling_started,collection1,SCREW,,,
708.0,2025-12-01T11:48:00+00:00,W0018,wagon,rake_coupling_started,collection1,SCREW,,,
708.0,2025-12-01T11:48:00+00:00,W0019,wagon,rake_coupling_started,collection1,SCREW,,,
708.0,2025-12-01T11:48:00+00:00,W0020,wagon,rake_coupling_started,collection1,SCREW,,,
708.0,2025-12-01T11:48:00+00:00,W0021,wagon,rake_coupling_started,collection1,SCREW,,,
708.0,2025-12-01T11:48:00+00:00,W0022,wagon,rake_coupling_started,collection1,SCREW,,,
887.5,2025-12-01T14:47:30+00:00,W0007,wagon,rake_coupling_started,WS_01,DAC,,,
887.5,2025-12-01T14:47:30+00:00,W0008,wagon,rake_coupling_started,WS_01,DAC,,,
887.5,2025-12-01T14:47:30+00:00,W0009,wagon,rake_coupling_started,WS_02,DAC,,,
887.5,2025-12-01T14:47:30+00:00,W0010,wagon,rake_coupling_started,WS_02,DAC,,,
887.5,2025-12-01T14:47:30+00:00,W0011,wagon,rake_coupling_started,WS_03,DAC,,,
887.5,2025-12-01T14:47:30+00:00,W0012,wagon,rake_coupling_started,WS_03,DAC,,,
889.5,2025-12-01T14:49:30+00:00,W0007,wagon,rake_coupling_completed,WS_01,DAC,,,
889.5,2025-12-01T14:49:30+00:00,W0008,wagon,rake_coupling_completed,WS_01,DAC,,,
889.5,2025-12-01T14:49:30+00:00,W0009,wagon,rake_coupling_completed,WS_02,DAC,,,
889.5,2025-12-01T14:49:30+00:00,W0010,wagon,rake_coupling_completed,WS_02,DAC,,,
889.5,2025-12-01T14:49:30+00:00,W0011,wagon,rake_coupling_completed,WS_03,DAC,,,
889.5,2025-12-01T14:49:30+00:00,W0012,wagon,rake_coupling_completed,WS_03,DAC,,,
959.5,2025-12-01T15:59:30+00:00,W0023,wagon,rake_coupling_started,collection1,SCREW,,,
959.5,2025-12-01T15:59:30+00:00,W0024,wagon,rake_coupling_started,collection1,SCREW,,,
959.5,2025-12-01T15:59:30+00:00,W0025,wagon,rake_coupling_started,collection1,SCREW,,,
959.5,2025-12-01T15:59:30+00:00,W0026,wagon,rake_coupling_started,collection1,SCREW,,,
959.5,2025-12-01T15:59:30+00:00,W0027,wagon,rake_coupling_started,collection1,SCREW,,,
959.5,2025-12-01T15:59:30+00:00,W0028,wagon,rake_coupling_started,collection1,SCREW,,,
959.5,2025-12-01T15:59:30+00:00,W0029,wagon,rake_coupling_started,collection1,SCREW,,,
959.5,2025-12-01T15:59:30+00:00,W0030,wagon,rake_coupling_started,collection1,SCREW,,,
959.5,2025-12-01T15:59:30+00:00,W0031,wagon,rake_coupling_started,collection1,SCREW,,,
959.5,2025-12-01T15:59:30+00:00,W0032,wagon,rake_coupling_started,collection1,SCREW,,,
959.5,2025-12-01T15:59:30+00:00,W0033,wagon,rake_coupling_started,collection1,SCREW,,,
959.5,2025-12-01T15:59:30+00:00,W0034,wagon,rake_coupling_started,collection1,SCREW,,,
959.5,2025-12-01T15:59:30+00:00,W0035,wagon,rake_coupling_started,collection1,SCREW,,,
959.5,2025-12-01T15:59:30+00:00,W0036,wagon,rake_coupling_started,collection1,SCREW,,,
959.5,2025-12-01T15:59:30+00:00,W0037,wagon,rake_coupling_started,collection1,SCREW,,,
986.0,2025-12-01T16:26:00+00:00,W0013,wagon,rake_coupling_started,WS_01,DAC,,,
986.0,2025-12-01T16:26:00+00:00,W0014,wagon,rake_coupling_started,WS_01,DAC,,,
988.0,2025-12-01T16:28:00+00:00,W0013,wagon,rake_coupling_completed,WS_01,DAC,,,
988.0,2025-12-01T16:28:00+00:00,W0014,wagon,rake_coupling_completed,WS_01,DAC,,,
996.0,2025-12-01T16:36:00+00:00,W0056,wagon,rake_coupling_started,collection2,SCREW,,,
996.0,2025-12-01T16:36:00+00:00,W0057,wagon,rake_coupling_started,collection2,SCREW,,,
996.0,2025-12-01T16:36:00+00:00,W0058,wagon,rake_coupling_started,collection2,SCREW,,,
996.0,2025-12-01T16:36:00+00:00,W0059,wagon,rake_coupling_started,collection2,SCREW,,,
996.0,2025-12-01T16:36:00+00:00,W0060,wagon,rake_coupling_started,collection2,SCREW,,,
996.0,2025-12-01T16:36:00+00:00,W0061,wagon,rake_coupling_started,collection2,SCREW,,,
996.0,2025-12-01T16:36:00+00:00,W0063,wagon,rake_coupling_started,collection2,SCREW,,,
996.0,2025-12-01T16:36:00+00:00,W0064,wagon,rake_coupling_started,collection2,SCREW,,,
996.0,2025-12-01T16:36:00+00:00,W0065,wagon,rake_coupling_started,collection2,SCREW,,,
1003.0,2025-12-01T16:43:00+00:00,W0015,wagon,rake_coupling_started,WS_02,DAC,,,
1003.0,2025-12-01T16:43:00+00:00,W0016,wagon,rake_coupling_started,WS_02,DAC,,,
1005.0,2025-12-01T16:45:00+00:00,W0015,wagon,rake_coupling_completed,WS_02,DAC,,,
1005.0,2025-12-01T16:45:00+00:00,W0016,wagon,rake_coupling_completed,WS_02,DAC,,,
1038.5,2025-12-01T17:18:30+00:00,W0017,wagon,rake_coupling_started,WS_03,DAC,,,
1038.5,2025-12-01T17:18:30+00:00,W0018,wagon,rake_coupling_started,WS_03,DAC,,,
1040.5,2025-12-01T17:20:30+00:00,W0017,wagon,rake_coupling_completed,WS_03,DAC,,,
1040.5,2025-12-01T17:20:30+00:00,W0018,wagon,rake_coupling_completed,WS_03,DAC,,,
1101.5,2025-12-01T18:21:30+00:00,W0019,wagon,rake_coupling_started,WS_01,DAC,,,
1101.5,2025-12-01T18:21:30+00:00,W0020,wagon,rake_coupling_started,WS_01,DAC,,,
1103.5,2025-12-01T18:23:30+00:00,W0019,wagon,rake_coupling_completed,WS_01,DAC,,,
1103.5,2025-12-01T18:23:30+00:00,W0020,wagon,rake_coupling_completed,WS_01,DAC,,,
1136.0,2025-12-01T18:56:00+00:00,W0021,wagon,rake_coupling_started,WS_02,DAC,,,
1136.0,2025-12-01T18:56:00+00:00,W0022,wagon,rake_coupling_started,WS_02,DAC,,,
1138.0,2025-12-01T18:58:00+00:00,W0021,wagon,rake_coupling_completed,WS_02,DAC,,,
1138.0,2025-12-01T18:58:00+00:00,W0022,wagon,rake_coupling_completed,WS_02,DAC,,,
1153.5,2025-12-01T19:13:30+00:00,W0023,wagon,rake_coupling_started,WS_03,DAC,,,
1153.5,2025-12-01T19:13:30+00:00,W0024,wagon,rake_coupling_started,WS_03,DAC,,,
1155.5,2025-12-01T19:15:30+00:00,W0023,wagon,rake_coupling_completed,WS_03,DAC,,,
1155.5,2025-12-01T19:15:30+00:00,W0024,wagon,rake_coupling_completed,WS_03,DAC,,,
1200.0,2025-12-01T20:00:00+00:00,W0025,wagon,rake_coupling_started,WS_01,DAC,,,
1200.0,2025-12-01T20:00:00+00:00,W0026,wagon,rake_coupling_started,WS_01,DAC,,,
1202.0,2025-12-01T20:02:00+00:00,W0025,wagon,rake_coupling_completed,WS_01,DAC,,,
1202.0,2025-12-01T20:02:00+00:00,W0026,wagon,rake_coupling_completed,WS_01,DAC,,,
1202.5,2025-12-01T20:02:30+00:00,W0038,wagon,rake_coupling_started,collection1,SCREW,,,
1202.5,2025-12-01T20:02:30+00:00,W0039,wagon,rake_coupling_started,collection1,SCREW,,,
1202.5,2025-12-01T20:02:30+00:00,W0040,wagon,rake_coupling_started,collection1,SCREW,,,
1202.5,2025-12-01T20:02:30+00:00,W0041,wagon,rake_coupling_started,collection1,SCREW,,,
1202.5,2025-12-01T20:02:30+00:00,W0042,wagon,rake_coupling_started,collection1,SCREW,,,
1202.5,2025-12-01T20:02:30+00:00,W0043,wagon,rake_coupling_started,collection1,SCREW,,,
1243.0,2025-12-01T20:43:00+00:00,W0056,wagon,rake_coupling_started,WS_02,DAC,,,
1243.0,2025-12-01T20:43:00+00:00,W0057,wagon,rake_coupling_started,WS_02,DAC,,,
1245.0,2025-12-01T20:45:00+00:00,W0056,wagon,rake_coupling_completed,WS_02,DAC,,,
1245.0,2025-12-01T20:45:00+00:00,W0057,wagon,rake_coupling_completed,WS_02,DAC,,,
1260.0,2025-12-01T21:00:00+00:00,W0027,wagon,rake_coupling_started,WS_03,DAC,,,
1260.0,2025-12-01T21:00:00+00:00,W0028,wagon,rake_coupling_started,WS_03,DAC,,,
1262.0,2025-12-01T21:02:00+00:00,W0027,wagon,rake_coupling_completed,WS_03,DAC,,,
1262.0,2025-12-01T21:02:00+00:00,W0028,wagon,rake_coupling_completed,WS_03,DAC,,,
1284.0,2025-12-01T21:24:00+00:00,W0072,wagon,rake_coupling_started,collection2,SCREW,,,
1284.0,2025-12-01T21:24:00+00:00,W0073,wagon,rake_coupling_started,collection2,SCREW,,,
1284.0,2025-12-01T21:24:00+00:00,W0074,wagon,rake_coupling_started,collection2,SCREW,,,
1284.0,2025-12-01T21:24:00+00:00,W0075,wagon,rake_coupling_started,collection2,SCREW,,,
1284.0,2025-12-01T21:24:00+00:00,W0077,wagon,rake_coupling_started,collection2,SCREW,,,
1284.0,2025-12-01T21:24:00+00:00,W0078,wagon,rake_coupling_started,collection2,SCREW,,,
1318.5,2025-12-01T21:58:30+00:00,W0058,wagon,rake_coupling_started,WS_01,DAC,,,
1318.5,2025-12-01T21:58:30+00:00,W0059,wagon,rake_coupling_started,WS_01,DAC,,,
1320.5,2025-12-01T22:00:30+00:00,W0058,wagon,rake_coupling_completed,WS_01,DAC,,,
1320.5,2025-12-01T22:00:30+00:00,W0059,wagon,rake_coupling_completed,WS_01,DAC,,,
1361.5,2025-12-01T22:41:30+00:00,W0029,wagon,rake_coupling_started,WS_02,DAC,,,
1361.5,2025-12-01T22:41:30+00:00,W0030,wagon,rake_coupling_started,WS_02,DAC,,,
1363.5,2025-12-01T22:43:30+00:00,W0029,wagon,rake_coupling_completed,WS_02,DAC,,,
1363.5,2025-12-01T22:43:30+00:00,W0030,wagon,rake_coupling_completed,WS_02,DAC,,,
1379.5,2025-12-01T22:59:30+00:00,W0044,wagon,rake_coupling_started,collection1,SCREW,,,
1379.5,2025-12-01T22:59:30+00:00,W0045,wagon,rake_coupling_started,collection1,SCREW,,,
1379.5,2025-12-01T22:59:30+00:00,W0046,wagon,rake_coupling_started,collection1,SCREW,,,
1379.5,2025-12-01T22:59:30+00:00,W0047,wagon,rake_coupling_started,collection1,SCREW,,,
1379.5,2025-12-01T22:59:30+00:00,W0048,wagon,rake_coupling_started,collection1,SCREW,,,
1379.5,2025-12-01T22:59:30+00:00,W0049,wagon,rake_coupling_started,collection1,SCREW,,,
1400.0,2025-12-01T23:20:00+00:00,W0060,wagon,rake_coupling_started,WS_03,DAC,,,
1400.0,2025-12-01T23:20:00+00:00,W0061,wagon,rake_coupling_started,WS_03,DAC,,,
1402.0,2025-12-01T23:22:00+00:00,W0060,wagon,rake_coupling_completed,WS_03,DAC,,,
1402.0,2025-12-01T23:22:00+00:00,W0061,wagon,rake_coupling_completed,WS_03,DAC,,,
1417.0,2025-12-01T23:37:00+00:00,W0031,wagon,rake_coupling_started,WS_01,DAC,,,
1417.0,2025-12-01T23:37:00+00:00,W0032,wagon,rake_coupling_started,WS_01,DAC,,,
1419.0,2025-12-01T23:39:00+00:00,W0031,wagon,rake_coupling_completed,WS_01,DAC,,,
1419.0,2025-12-01T23:39:00+00:00,W0032,wagon,rake_coupling_completed,WS_01,DAC,,,
1459.5,2025-12-02T00:19:30+00:00,W0079,wagon,rake_coupling_started,collection2,SCREW,,,
1459.5,2025-12-02T00:19:30+00:00,W0081,wagon,rake_coupling_started,collection2,SCREW,,,
1459.5,2025-12-02T00:19:30+00:00,W0082,wagon,rake_coupling_started,collection2,SCREW,,,
1459.5,2025-12-02T00:19:30+00:00,W0083,wagon,rake_coupling_started,collection2,SCREW,,,
1459.5,2025-12-02T00:19:30+00:00,W0084,wagon,rake_coupling_started,collection2,SCREW,,,
1463.5,2025-12-02T00:23:30+00:00,W0063,wagon,rake_coupling_started,WS_02,DAC,,,
1463.5,2025-12-02T00:23:30+00:00,W0064,wagon,rake_coupling_started,WS_02,DAC,,,
1465.5,2025-12-02T00:25:30+00:00,W0063,wagon,rake_coupling_completed,WS_02,DAC,,,
1465.5,2025-12-02T00:25:30+00:00,W0064,wagon,rake_coupling_completed,WS_02,DAC,,,
1515.5,2025-12-02T01:15:30+00:00,W0033,wagon,rake_coupling_started,WS_03,DAC,,,
1515.5,2025-12-02T01:15:30+00:00,W0034,wagon,rake_coupling_started,WS_03,DAC,,,
1517.5,2025-12-02T01:17:30+00:00,W0033,wagon,rake_coupling_completed,WS_03,DAC,,,
1517.5,2025-12-02T01:17:30+00:00,W0034,wagon,rake_coupling_completed,WS_03,DAC,,,
1550.5,2025-12-02T01:50:30+00:00,W0050,wagon,rake_coupling_started,collection1,SCREW,,,
1550.5,2025-12-02T01:50:30+00:00,W0051,wagon,rake_coupling_started,collection1,SCREW,,,
1550.5,2025-12-02T01:50:30+00:00,W0052,wagon,rake_coupling_started,collection1,SCREW,,,
1550.5,2025-12-02T01:50:30+00:00,W0053,wagon,rake_coupling_started,collection1,SCREW,,,
1558.5,2025-12-02T01:58:30+00:00,W0065,wagon,rake_coupling_started,WS_01,DAC,,,
1558.5,2025-12-02T01:58:30+00:00,W0038,wagon,rake_coupling_started,WS_01,DAC,,,
1560.5,2025-12-02T02:00:30+00:00,W0065,wagon,rake_coupling_completed,WS_01,DAC,,,
1560.5,2025-12-02T02:00:30+00:00,W0038,wagon,rake_coupling_completed,WS_01,DAC,,,
1567.5,2025-12-02T02:07:30+00:00,W0035,wagon,rake_coupling_started,WS_02,DAC,,,
1567.5,2025-12-02T02:07:30+00:00,W0036,wagon,rake_coupling_started,WS_02,DAC,,,
1569.5,2025-12-02T02:09:30+00:00,W0035,wagon,rake_coupling_completed,WS_02,DAC,,,
1569.5,2025-12-02T02:09:30+00:00,W0036,wagon,rake_coupling_completed,WS_02,DAC,,,
1618.0,2025-12-02T02:58:00+00:00,W0039,wagon,rake_coupling_started,WS_03,DAC,,,
1618.0,2025-12-02T02:58:00+00:00,W0040,wagon,rake_coupling_started,WS_03,DAC,,,
1620.0,2025-12-02T03:00:00+00:00,W0039,wagon,rake_coupling_completed,WS_03,DAC,,,
1620.0,2025-12-02T03:00:00+00:00,W0040,wagon,rake_coupling_completed,WS_03,DAC,,,
1630.5,2025-12-02T03:10:30+00:00,W0085,wagon,rake_coupling_started,collection2,SCREW,,,
1630.5,2025-12-02T03:10:30+00:00,W0086,wagon,rake_coupling_started,collection2,SCREW,,,
1630.5,2025-12-02T03:10:30+00:00,W0087,wagon,rake_coupling_started,collection2,SCREW,,,
1630.5,2025-12-02T03:10:30+00:00,W0088,wagon,rake_coupling_started,collection2,SCREW,,,
1666.0,2025-12-02T03:46:00+00:00,W0037,wagon,rake_coupling_started,WS_01,DAC,,,
1666.0,2025-12-02T03:46:00+00:00,W0072,wagon,rake_coupling_started,WS_01,DAC,,,
1668.0,2025-12-02T03:48:00+00:00,W0037,wagon,rake_coupling_completed,WS_01,DAC,,,
1668.0,2025-12-02T03:48:00+00:00,W0072,wagon,rake_coupling_completed,WS_01,DAC,,,
1705.5,2025-12-02T04:25:30+00:00,W0054,wagon,rake_coupling_started,collection1,SCREW,,,
1705.5,2025-12-02T04:25:30+00:00,W0055,wagon,rake_coupling_started,collection1,SCREW,,,
1705.5,2025-12-02T04:25:30+00:00,W0066,wagon,rake_coupling_started,collection1,SCREW,,,
1705.5,2025-12-02T04:25:30+00:00,W0067,wagon,rake_coupling_started,collection1,SCREW,,,
1709.0,2025-12-02T04:29:00+00:00,W0041,wagon,rake_coupling_started,WS_02,DAC,,,
1709.0,2025-12-02T04:29:00+00:00,W0042,wagon,rake_coupling_started,WS_02,DAC,,,
1711.0,2025-12-02T04:31:00+00:00,W0041,wagon,rake_coupling_completed,WS_02,DAC,,,
1711.0,2025-12-02T04:31:00+00:00,W0042,wagon,rake_coupling_completed,WS_02,DAC,,,
1726.0,2025-12-02T04:46:00+00:00,W0073,wagon,rake_coupling_started,WS_03,DAC,,,
1726.0,2025-12-02T04:46:00+00:00,W0074,wagon,rake_coupling_started,WS_03,DAC,,,
1728.0,2025-12-02T04:48:00+00:00,W0073,wagon,rake_coupling_completed,WS_03,DAC,,,
1728.0,2025-12-02T04:48:00+00:00,W0074,wagon,rake_coupling_completed,WS_03,DAC,,,
1772.5,2025-12-02T05:32:30+00:00,W0043,wagon,rake_coupling_started,WS_01,DAC,,,
1772.5,2025-12-02T05:32:30+00:00,W0044,wagon,rake_coupling_started,WS_01,DAC,,,
1774.5,2025-12-02T05:34:30+00:00,W0043,wagon,rake_coupling_completed,WS_01,DAC,,,
1774.5,2025-12-02T05:34:30+00:00,W0044,wagon,rake_coupling_completed,WS_01,DAC,,,
1798.0,2025-12-02T05:58:00+00:00,W0089,wagon,rake_coupling_started,collection2,SCREW,,,
1798.0,2025-12-02T05:58:00+00:00,W0090,wagon,rake_coupling_started,collection2,SCREW,,,
1798.0,2025-12-02T05:58:00+00:00,W0091,wagon,rake_coupling_started,collection2,SCREW,,,
1798.0,2025-12-02T05:58:00+00:00,W0092,wagon,rake_coupling_started,collection2,SCREW,,,
1798.0,2025-12-02T05:58:00+00:00,W0094,wagon,rake_coupling_started,collection2,SCREW,,,
1798.0,2025-12-02T05:58:00+00:00,W0095,wagon,rake_coupling_started,collection2,SCREW,,,
1815.5,2025-12-02T06:15:30+00:00,W0075,wagon,rake_coupling_started,WS_02,DAC,,,
1815.5,2025-12-02T06:15:30+00:00,W0077,wagon,rake_coupling_started,WS_02,DAC,,,
1817.5,2025-12-02T06:17:30+00:00,W0075,wagon,rake_coupling_completed,WS_02,DAC,,,
1817.5,2025-12-02T06:17:30+00:00,W0077,wagon,rake_coupling_completed,WS_02,DAC,,,
1858.5,2025-12-02T06:58:30+00:00,W0045,wagon,rake_coupling_started,WS_03,DAC,,,
1858.5,2025-12-02T06:58:30+00:00,W0046,wagon,rake_coupling_started,WS_03,DAC,,,
1860.5,2025-12-02T07:00:30+00:00,W0068,wagon,rake_coupling_started,collection1,SCREW,,,
1860.5,2025-12-02T07:00:30+00:00,W0069,wagon,rake_coupling_started,collection1,SCREW,,,
1860.5,2025-12-02T07:00:30+00:00,W0070,wagon,rake_coupling_started,collection1,SCREW,,,
1860.5,2025-12-02T07:00:30+00:00,W0071,wagon,rake_coupling_started,collection1,SCREW,,,
1860.5,2025-12-02T07:00:30+00:00,W0045,wagon,rake_coupling_completed,WS_03,DAC,,,
1860.5,2025-12-02T07:00:30+00:00,W0046,wagon,rake_coupling_completed,WS_03,DAC,,,
1875.5,2025-12-02T07:15:30+00:00,W0078,wagon,rake_coupling_started,WS_01,DAC,,,
1875.5,2025-12-02T07:15:30+00:00,W0079,wagon,rake_coupling_started,WS_01,DAC,,,
1877.5,2025-12-02T07:17:30+00:00,W0078,wagon,rake_coupling_completed,WS_01,DAC,,,
1877.5,2025-12-02T07:17:30+00:00,W0079,wagon,rake_coupling_completed,WS_01,DAC,,,
1918.5,2025-12-02T07:58:30+00:00,W0047,wagon,rake_coupling_started,WS_02,DAC,,,
1918.5,2025-12-02T07:58:30+00:00,W0048,wagon,rake_coupling_started,WS_02,DAC,,,
1920.5,2025-12-02T08:00:30+00:00,W0047,wagon,rake_coupling_completed,WS_02,DAC,,,
1920.5,2025-12-02T08:00:30+00:00,W0048,wagon,rake_coupling_completed,WS_02,DAC,,,
1974.0,2025-12-02T08:54:00+00:00,W0081,wagon,rake_coupling_started,WS_03,DAC,,,
1974.0,2025-12-02T08:54:00+00:00,W0082,wagon,rake_coupling_started,WS_03,DAC,,,
1976.0,2025-12-02T08:56:00+00:00,W0081,wagon,rake_coupling_completed,WS_03,DAC,,,
1976.0,2025-12-02T08:56:00+00:00,W0082,wagon,rake_coupling_completed,WS_03,DAC,,,
1990.5,2025-12-02T09:10:30+00:00,W0114,wagon,rake_coupling_started,collection2,SCREW,,,
1990.5,2025-12-02T09:10:30+00:00,W0115,wagon,rake_coupling_started,collection2,SCREW,,,
1990.5,2025-12-02T09:10:30+00:00,W0116,wagon,rake_coupling_started,collection2,SCREW,,,
1990.5,2025-12-02T09:10:30+00:00,W0117,wagon,rake_coupling_started,collection2,SCREW,,,
1990.5,2025-12-02T09:10:30+00:00,W0118,wagon,rake_coupling_started,collection2,SCREW,,,
2015.5,2025-12-02T09:35:30+00:00,W0097,wagon,rake_coupling_started,collection1,SCREW,,,
2015.5,2025-12-02T09:35:30+00:00,W0099,wagon,rake_coupling_started,collection1,SCREW,,,
2015.5,2025-12-02T09:35:30+00:00,W0100,wagon,rake_coupling_started,collection1,SCREW,,,
2015.5,2025-12-02T09:35:30+00:00,W0101,wagon,rake_coupling_started,collection1,SCREW,,,
2015.5,2025-12-02T09:35:30+00:00,W0102,wagon,rake_coupling_started,collection1,SCREW,,,
2015.5,2025-12-02T09:35:30+00:00,W0103,wagon,rake_coupling_started,collection1,SCREW,,,
2015.5,2025-12-02T09:35:30+00:00,W0104,wagon,rake_coupling_started,collection1,SCREW,,,
2017.0,2025-12-02T09:37:00+00:00,W0049,wagon,rake_coupling_started,WS_01,DAC,,,
2017.0,2025-12-02T09:37:00+00:00,W0050,wagon,rake_coupling_started,WS_01,DAC,,,
2019.0,2025-12-02T09:39:00+00:00,W0049,wagon,rake_coupling_completed,WS_01,DAC,,,
2019.0,2025-12-02T09:39:00+00:00,W0050,wagon,rake_coupling_completed,WS_01,DAC,,,
2034.0,2025-12-02T09:54:00+00:00,W0083,wagon,rake_coupling_started,WS_02,DAC,,,
2034.0,2025-12-02T09:54:00+00:00,W0084,wagon,rake_coupling_started,WS_02,DAC,,,
2036.0,2025-12-02T09:56:00+00:00,W0083,wagon,rake_coupling_completed,WS_02,DAC,,,
2036.0,2025-12-02T09:56:00+00:00,W0084,wagon,rake_coupling_completed,WS_02,DAC,,,
2077.5,2025-12-02T10:37:30+00:00,W0051,wagon,rake_coupling_started,WS_03,DAC,,,
2077.5,2025-12-02T10:37:30+00:00,W0052,wagon,rake_coupling_started,WS_03,DAC,,,
2079.5,2025-12-02T10:39:30+00:00,W0051,wagon,rake_coupling_completed,WS_03,DAC,,,
2079.5,2025-12-02T10:39:30+00:00,W0052,wagon,rake_coupling_completed,WS_03,DAC,,,
2139.5,2025-12-02T11:39:30+00:00,W0085,wagon,rake_coupling_started,WS_01,DAC,,,
2139.5,2025-12-02T11:39:30+00:00,W0086,wagon,rake_coupling_started,WS_01,DAC,,,
2141.5,2025-12-02T11:41:30+00:00,W0085,wagon,rake_coupling_completed,WS_01,DAC,,,
2141.5,2025-12-02T11:41:30+00:00,W0086,wagon,rake_coupling_completed,WS_01,DAC,,,
2153.5,2025-12-02T11:53:30+00:00,W0150,wagon,rake_coupling_started,collection3,SCREW,,,
2153.5,2025-12-02T11:53:30+00:00,W0151,wagon,rake_coupling_started,collection3,SCREW,,,
2153.5,2025-12-02T11:53:30+00:00,W0152,wagon,rake_coupling_started,collection3,SCREW,,,
2184.0,2025-12-02T12:24:00+00:00,W0120,wagon,rake_coupling_started,collection2,SCREW,,,
2184.0,2025-12-02T12:24:00+00:00,W0121,wagon,rake_coupling_started,collection2,SCREW,,,
2184.0,2025-12-02T12:24:00+00:00,W0122,wagon,rake_coupling_started,collection2,SCREW,,,
2229.0,2025-12-02T13:09:00+00:00,W0053,wagon,rake_coupling_started,WS_02,DAC,,,
2229.0,2025-12-02T13:09:00+00:00,W0054,wagon,rake_coupling_started,WS_02,DAC,,,
2231.0,2025-12-02T13:11:00+00:00,W0053,wagon,rake_coupling_completed,WS_02,DAC,,,
2231.0,2025-12-02T13:11:00+00:00,W0054,wagon,rake_coupling_completed,WS_02,DAC,,,
2245.5,2025-12-02T13:25:30+00:00,W0087,wagon,rake_coupling_started,WS_03,DAC,,,
2245.5,2025-12-02T13:25:30+00:00,W0088,wagon,rake_coupling_started,WS_03,DAC,,,
2247.5,2025-12-02T13:27:30+00:00,W0087,wagon,rake_coupling_completed,WS_03,DAC,,,
2247.5,2025-12-02T13:27:30+00:00,W0088,wagon,rake_coupling_completed,WS_03,DAC,,,
2262.5,2025-12-02T13:42:30+00:00,W0055,wagon,rake_coupling_started,WS_01,DAC,,,
2262.5,2025-12-02T13:42:30+00:00,W0066,wagon,rake_coupling_started,WS_01,DAC,,,
2264.5,2025-12-02T13:44:30+00:00,W0055,wagon,rake_coupling_completed,WS_01,DAC,,,
2264.5,2025-12-02T13:44:30+00:00,W0066,wagon,rake_coupling_completed,WS_01,DAC,,,
2357.0,2025-12-02T15:17:00+00:00,W0123,wagon,rake_coupling_started,collection2,SCREW,,,
2357.0,2025-12-02T15:17:00+00:00,W0124,wagon,rake_coupling_started,collection2,SCREW,,,
2357.0,2025-12-02T15:17:00+00:00,W0125,wagon,rake_coupling_started,collection2,SCREW,,,
2357.5,2025-12-02T15:17:30+00:00,W0089,wagon,rake_coupling_started,WS_02,DAC,,,
2357.5,2025-12-02T15:17:30+00:00,W0090,wagon,rake_coupling_started,WS_02,DAC,,,
2359.5,2025-12-02T15:19:30+00:00,W0089,wagon,rake_coupling_completed,WS_02,DAC,,,
2359.5,2025-12-02T15:19:30+00:00,W0090,wagon,rake_coupling_completed,WS_02,DAC,,,
2368.5,2025-12-02T15:28:30+00:00,W0106,wagon,rake_coupling_started,collection1,SCREW,,,
2368.5,2025-12-02T15:28:30+00:00,W0107,wagon,rake_coupling_started,collection1,SCREW,,,
2368.5,2025-12-02T15:28:30+00:00,W0108,wagon,rake_coupling_started,collection1,SCREW,,,
2368.5,2025-12-02T15:28:30+00:00,W0109,wagon,rake_coupling_started,collection1,SCREW,,,
2374.5,2025-12-02T15:34:30+00:00,W0067,wagon,rake_coupling_started,WS_03,DAC,,,
2374.5,2025-12-02T15:34:30+00:00,W0068,wagon,rake_coupling_started,WS_03,DAC,,,
2376.5,2025-12-02T15:36:30+00:00,W0067,wagon,rake_coupling_completed,WS_03,DAC,,,
2376.5,2025-12-02T15:36:30+00:00,W0068,wagon,rake_coupling_completed,WS_03,DAC,,,
2449.0,2025-12-02T16:49:00+00:00,W0091,wagon,rake_coupling_started,WS_01,DAC,,,
2449.0,2025-12-02T16:49:00+00:00,W0092,wagon,rake_coupling_started,WS_01,DAC,,,
2451.0,2025-12-02T16:51:00+00:00,W0091,wagon,rake_coupling_completed,WS_01,DAC,,,
2451.0,2025-12-02T16:51:00+00:00,W0092,wagon,rake_coupling_completed,WS_01,DAC,,,
2458.5,2025-12-02T16:58:30+00:00,W0165,wagon,rake_coupling_started,collection3,SCREW,,,
2458.5,2025-12-02T16:58:30+00:00,W0166,wagon,rake_coupling_started,collection3,SCREW,,,
2492.0,2025-12-02T17:32:00+00:00,W0069,wagon,rake_coupling_started,WS_02,DAC,,,
2492.0,2025-12-02T17:32:00+00:00,W0070,wagon,rake_coupling_started,WS_02,DAC,,,
2494.0,2025-12-02T17:34:00+00:00,W0069,wagon,rake_coupling_completed,WS_02,DAC,,,
2494.0,2025-12-02T17:34:00+00:00,W0070,wagon,rake_coupling_completed,WS_02,DAC,,,
2523.5,2025-12-02T18:03:30+00:00,W0138,wagon,rake_coupling_started,collection2,SCREW,,,
2523.5,2025-12-02T18:03:30+00:00,W0139,wagon,rake_coupling_started,collection2,SCREW,,,
2584.0,2025-12-02T19:04:00+00:00,W0110,wagon,rake_coupling_started,collection1,SCREW,,,
2584.0,2025-12-02T19:04:00+00:00,W0111,wagon,rake_coupling_started,collection1,SCREW,,,
2607.5,2025-12-02T19:27:30+00:00,W0094,wagon,rake_coupling_started,WS_03,DAC,,,
2607.5,2025-12-02T19:27:30+00:00,W0095,wagon,rake_coupling_started,WS_03,DAC,,,
2609.5,2025-12-02T19:29:30+00:00,W0094,wagon,rake_coupling_completed,WS_03,DAC,,,
2609.5,2025-12-02T19:29:30+00:00,W0095,wagon,rake_coupling_completed,WS_03,DAC,,,
2616.0,2025-12-02T19:36:00+00:00,W0167,wagon,rake_coupling_started,collection3,SCREW,,,
2616.0,2025-12-02T19:36:00+00:00,W0168,wagon,rake_coupling_started,collection3,SCREW,,,
2624.5,2025-12-02T19:44:30+00:00,W0071,wagon,rake_coupling_started,WS_01,DAC,,,
2624.5,2025-12-02T19:44:30+00:00,W0114,wagon,rake_coupling_started,WS_01,DAC,,,
2626.5,2025-12-02T19:46:30+00:00,W0071,wagon,rake_coupling_completed,WS_01,DAC,,,
2626.5,2025-12-02T19:46:30+00:00,W0114,wagon,rake_coupling_completed,WS_01,DAC,,,
2641.5,2025-12-02T20:01:30+00:00,W0097,wagon,rake_coupling_started,WS_02,DAC,,,
2641.5,2025-12-02T20:01:30+00:00,W0099,wagon,rake_coupling_started,WS_02,DAC,,,
2643.5,2025-12-02T20:03:30+00:00,W0097,wagon,rake_coupling_completed,WS_02,DAC,,,
2643.5,2025-12-02T20:03:30+00:00,W0099,wagon,rake_coupling_completed,WS_02,DAC,,,
2740.0,2025-12-02T21:40:00+00:00,W0115,wagon,rake_coupling_started,WS_03,DAC,,,
2740.0,2025-12-02T21:40:00+00:00,W0116,wagon,rake_coupling_started,WS_03,DAC,,,
2742.0,2025-12-02T21:42:00+00:00,W0115,wagon,rake_coupling_completed,WS_03,DAC,,,
2742.0,2025-12-02T21:42:00+00:00,W0116,wagon,rake_coupling_completed,WS_03,DAC,,,
2755.0,2025-12-02T21:55:00+00:00,W0112,wagon,rake_coupling_started,collection1,SCREW,,,
2755.0,2025-12-02T21:55:00+00:00,W0126,wagon,rake_coupling_started,collection1,SCREW,,,
2755.0,2025-12-02T21:55:00+00:00,W0127,wagon,rake_coupling_started,collection1,SCREW,,,
2765.5,2025-12-02T22:05:30+00:00,W0169,wagon,rake_coupling_started,collection3,SCREW,,,
2765.5,2025-12-02T22:05:30+00:00,W0170,wagon,rake_coupling_started,collection3,SCREW,,,
2799.0,2025-12-02T22:39:00+00:00,W0100,wagon,rake_coupling_started,WS_01,DAC,,,
2799.0,2025-12-02T22:39:00+00:00,W0101,wagon,rake_coupling_started,WS_01,DAC,,,
2801.0,2025-12-02T22:41:00+00:00,W0100,wagon,rake_coupling_completed,WS_01,DAC,,,
2801.0,2025-12-02T22:41:00+00:00,W0101,wagon,rake_coupling_completed,WS_01,DAC,,,
2801.5,2025-12-02T22:41:30+00:00,W0117,wagon,rake_coupling_started,WS_02,DAC,,,
2801.5,2025-12-02T22:41:30+00:00,W0118,wagon,rake_coupling_started,WS_02,DAC,,,
2803.5,2025-12-02T22:43:30+00:00,W0117,wagon,rake_coupling_completed,WS_02,DAC,,,
2803.5,2025-12-02T22:43:30+00:00,W0118,wagon,rake_coupling_completed,WS_02,DAC,,,
2871.0,2025-12-02T23:51:00+00:00,W0141,wagon,rake_coupling_started,collection2,SCREW,,,
2871.0,2025-12-02T23:51:00+00:00,W0142,wagon,rake_coupling_started,collection2,SCREW,,,
2918.0,2025-12-03T00:38:00+00:00,W0129,wagon,rake_coupling_started,collection1,SCREW,,,
2918.0,2025-12-03T00:38:00+00:00,W0130,wagon,rake_coupling_started,collection1,SCREW,,,
2955.0,2025-12-03T01:15:00+00:00,W0102,wagon,rake_coupling_started,WS_03,DAC,,,
2955.0,2025-12-03T01:15:00+00:00,W0103,wagon,rake_coupling_started,WS_03,DAC,,,
2957.0,2025-12-03T01:17:00+00:00,W0102,wagon,rake_coupling_completed,WS_03,DAC,,,
2957.0,2025-12-03T01:17:00+00:00,W0103,wagon,rake_coupling_completed,WS_03,DAC,,,
2972.0,2025-12-03T01:32:00+00:00,W0150,wagon,rake_coupling_started,WS_01,DAC,,,
2972.0,2025-12-03T01:32:00+00:00,W0151,wagon,rake_coupling_started,WS_01,DAC,,,
2974.0,2025-12-03T01:34:00+00:00,W0150,wagon,rake_coupling_completed,WS_01,DAC,,,
2974.0,2025-12-03T01:34:00+00:00,W0151,wagon,rake_coupling_completed,WS_01,DAC,,,
2978.0,2025-12-03T01:38:00+00:00,W0104,wagon,rake_coupling_started,WS_02,DAC,,,
2978.0,2025-12-03T01:38:00+00:00,W0120,wagon,rake_coupling_started,WS_02,DAC,,,
2980.0,2025-12-03T01:40:00+00:00,W0104,wagon,rake_coupling_completed,WS_02,DAC,,,
2980.0,2025-12-03T01:40:00+00:00,W0120,wagon,rake_coupling_completed,WS_02,DAC,,,
3085.0,2025-12-03T03:25:00+00:00,W0131,wagon,rake_coupling_started,collection1,SCREW,,,
3085.0,2025-12-03T03:25:00+00:00,W0132,wagon,rake_coupling_started,collection1,SCREW,,,
3085.0,2025-12-03T03:25:00+00:00,W0133,wagon,rake_coupling_started,collection1,SCREW,,,
3085.0,2025-12-03T03:25:00+00:00,W0134,wagon,rake_coupling_started,collection1,SCREW,,,
3102.0,2025-12-03T03:42:00+00:00,W0172,wagon,rake_coupling_started,collection3,SCREW,,,
3102.0,2025-12-03T03:42:00+00:00,W0173,wagon,rake_coupling_started,collection3,SCREW,,,
3120.0,2025-12-03T04:00:00+00:00,W0152,wagon,rake_coupling_started,WS_03,DAC,,,
3120.0,2025-12-03T04:00:00+00:00,W0105,wagon,rake_coupling_started,WS_03,DAC,,,
3122.0,2025-12-03T04:02:00+00:00,W0152,wagon,rake_coupling_completed,WS_03,DAC,,,
3122.0,2025-12-03T04:02:00+00:00,W0105,wagon,rake_coupling_completed,WS_03,DAC,,,
3130.5,2025-12-03T04:10:30+00:00,W0121,wagon,rake_coupling_started,WS_01,DAC,,,
3130.5,2025-12-03T04:10:30+00:00,W0122,wagon,rake_coupling_started,WS_01,DAC,,,
3132.5,2025-12-03T04:12:30+00:00,W0121,wagon,rake_coupling_completed,WS_01,DAC,,,
3132.5,2025-12-03T04:12:30+00:00,W0122,wagon,rake_coupling_completed,WS_01,DAC,,,
3137.0,2025-12-03T04:17:00+00:00,W0123,wagon,rake_coupling_started,WS_02,DAC,,,
3137.0,2025-12-03T04:17:00+00:00,W0124,wagon,rake_coupling_started,WS_02,DAC,,,
3139.0,2025-12-03T04:19:00+00:00,W0123,wagon,rake_coupling_completed,WS_02,DAC,,,
3139.0,2025-12-03T04:19:00+00:00,W0124,wagon,rake_coupling_completed,WS_02,DAC,,,
3257.0,2025-12-03T06:17:00+00:00,W0106,wagon,rake_coupling_started,WS_03,DAC,,,
3257.0,2025-12-03T06:17:00+00:00,W0107,wagon,rake_coupling_started,WS_03,DAC,,,
3259.0,2025-12-03T06:19:00+00:00,W0106,wagon,rake_coupling_completed,WS_03,DAC,,,
3259.0,2025-12-03T06:19:00+00:00,W0107,wagon,rake_coupling_completed,WS_03,DAC,,,
3266.0,2025-12-03T06:26:00+00:00,W0135,wagon,rake_coupling_started,collection1,SCREW,,,
3266.0,2025-12-03T06:26:00+00:00,W0136,wagon,rake_coupling_started,collection1,SCREW,,,
3266.0,2025-12-03T06:26:00+00:00,W0137,wagon,rake_coupling_started,collection1,SCREW,,,
3266.0,2025-12-03T06:26:00+00:00,W0154,wagon,rake_coupling_started,collection1,SCREW,,,
3267.0,2025-12-03T06:27:00+00:00,W0174,wagon,rake_coupling_started,collection3,SCREW,,,
3267.0,2025-12-03T06:27:00+00:00,W0175,wagon,rake_coupling_started,collection3,SCREW,,,
3274.0,2025-12-03T06:34:00+00:00,W0125,wagon,rake_coupling_started,WS_01,DAC,,,
3274.0,2025-12-03T06:34:00+00:00,W0165,wagon,rake_coupling_started,WS_01,DAC,,,
3276.0,2025-12-03T06:36:00+00:00,W0125,wagon,rake_coupling_completed,WS_01,DAC,,,
3276.0,2025-12-03T06:36:00+00:00,W0165,wagon,rake_coupling_completed,WS_01,DAC,,,
3278.5,2025-12-03T06:38:30+00:00,W0108,wagon,rake_coupling_started,WS_02,DAC,,,
3278.5,2025-12-03T06:38:30+00:00,W0109,wagon,rake_coupling_started,WS_02,DAC,,,
3280.5,2025-12-03T06:40:30+00:00,W0108,wagon,rake_coupling_completed,WS_02,DAC,,,
3280.5,2025-12-03T06:40:30+00:00,W0109,wagon,rake_coupling_completed,WS_02,DAC,,,
3377.0,2025-12-03T08:17:00+00:00,W0166,wagon,rake_coupling_started,WS_03,DAC,,,
3377.0,2025-12-03T08:17:00+00:00,W0110,wagon,rake_coupling_started,WS_03,DAC,,,
3379.0,2025-12-03T08:19:00+00:00,W0166,wagon,rake_coupling_completed,WS_03,DAC,,,
3379.0,2025-12-03T08:19:00+00:00,W0110,wagon,rake_coupling_completed,WS_03,DAC,,,
3421.0,2025-12-03T09:01:00+00:00,W0176,wagon,rake_coupling_started,collection3,SCREW,,,
3421.0,2025-12-03T09:01:00+00:00,W0177,wagon,rake_coupling_started,collection3,SCREW,,,
3427.5,2025-12-03T09:07:30+00:00,W0155,wagon,rake_coupling_started,collection1,SCREW,,,
3427.5,2025-12-03T09:07:30+00:00,W0156,wagon,rake_coupling_started,collection1,SCREW,,,
3438.5,2025-12-03T09:18:30+00:00,W0138,wagon,rake_coupling_started,WS_01,DAC,,,
3438.5,2025-12-03T09:18:30+00:00,W0139,wagon,rake_coupling_started,WS_01,DAC,,,
3440.5,2025-12-03T09:20:30+00:00,W0111,wagon,rake_coupling_started,WS_02,DAC,,,
3440.5,2025-12-03T09:20:30+00:00,W0140,wagon,rake_coupling_started,WS_02,DAC,,,
3440.5,2025-12-03T09:20:30+00:00,W0138,wagon,rake_coupling_completed,WS_01,DAC,,,
3440.5,2025-12-03T09:20:30+00:00,W0139,wagon,rake_coupling_completed,WS_01,DAC,,,
3442.5,2025-12-03T09:22:30+00:00,W0111,wagon,rake_coupling_completed,WS_02,DAC,,,
3442.5,2025-12-03T09:22:30+00:00,W0140,wagon,rake_coupling_completed,WS_02,DAC,,,
3511.5,2025-12-03T10:31:30+00:00,W0167,wagon,rake_coupling_started,WS_03,DAC,,,
3511.5,2025-12-03T10:31:30+00:00,W0168,wagon,rake_coupling_started,WS_03,DAC,,,
3513.5,2025-12-03T10:33:30+00:00,W0167,wagon,rake_coupling_completed,WS_03,DAC,,,
3513.5,2025-12-03T10:33:30+00:00,W0168,wagon,rake_coupling_completed,WS_03,DAC,,,
3583.0,2025-12-03T11:43:00+00:00,W0178,wagon,rake_coupling_started,collection3,SCREW,,,
3583.0,2025-12-03T11:43:00+00:00,W0179,wagon,rake_coupling_started,collection3,SCREW,,,
3583.5,2025-12-03T11:43:30+00:00,W0157,wagon,rake_coupling_started,collection1,SCREW,,,
3583.5,2025-12-03T11:43:30+00:00,W0158,wagon,rake_coupling_started,collection1,SCREW,,,
3612.5,2025-12-03T12:12:30+00:00,W0112,wagon,rake_coupling_started,WS_01,DAC,,,
3612.5,2025-12-03T12:12:30+00:00,W0126,wagon,rake_coupling_started,WS_01,DAC,,,
3614.5,2025-12-03T12:14:30+00:00,W0112,wagon,rake_coupling_completed,WS_01,DAC,,,
3614.5,2025-12-03T12:14:30+00:00,W0126,wagon,rake_coupling_completed,WS_01,DAC,,,
3629.5,2025-12-03T12:29:30+00:00,W0169,wagon,rake_coupling_started,WS_02,DAC,,,
3629.5,2025-12-03T12:29:30+00:00,W0170,wagon,rake_coupling_started,WS_02,DAC,,,
3631.5,2025-12-03T12:31:30+00:00,W0169,wagon,rake_coupling_completed,WS_02,DAC,,,
3631.5,2025-12-03T12:31:30+00:00,W0170,wagon,rake_coupling_completed,WS_02,DAC,,,
3688.5,2025-12-03T13:28:30+00:00,W0148,wagon,rake_coupling_started,collection2,SCREW,,,
3688.5,2025-12-03T13:28:30+00:00,W0149,wagon,rake_coupling_started,collection2,SCREW,,,
3727.5,2025-12-03T14:07:30+00:00,W0180,wagon,rake_coupling_started,collection3,SCREW,,,
3727.5,2025-12-03T14:07:30+00:00,W0181,wagon,rake_coupling_started,collection3,SCREW,,,
3727.5,2025-12-03T14:07:30+00:00,W0182,wagon,rake_coupling_started,collection3,SCREW,,,
3748.5,2025-12-03T14:28:30+00:00,W0187,wagon,rake_coupling_started,collection1,SCREW,,,
3748.5,2025-12-03T14:28:30+00:00,W0188,wagon,rake_coupling_started,collection1,SCREW,,,
3772.5,2025-12-03T14:52:30+00:00,W0127,wagon,rake_coupling_started,WS_03,DAC,,,
3772.5,2025-12-03T14:52:30+00:00,W0129,wagon,rake_coupling_started,WS_03,DAC,,,
3774.5,2025-12-03T14:54:30+00:00,W0127,wagon,rake_coupling_completed,WS_03,DAC,,,
3774.5,2025-12-03T14:54:30+00:00,W0129,wagon,rake_coupling_completed,WS_03,DAC,,,
3789.5,2025-12-03T15:09:30+00:00,W0141,wagon,rake_coupling_started,WS_01,DAC,,,
3789.5,2025-12-03T15:09:30+00:00,W0142,wagon,rake_coupling_started,WS_01,DAC,,,
3791.5,2025-12-03T15:11:30+00:00,W0141,wagon,rake_coupling_completed,WS_01,DAC,,,
3791.5,2025-12-03T15:11:30+00:00,W0142,wagon,rake_coupling_completed,WS_01,DAC,,,
3798.5,2025-12-03T15:18:30+00:00,W0130,wagon,rake_coupling_started,WS_02,DAC,,,
3798.5,2025-12-03T15:18:30+00:00,W0131,wagon,rake_coupling_started,WS_02,DAC,,,
3800.5,2025-12-03T15:20:30+00:00,W0130,wagon,rake_coupling_completed,WS_02,DAC,,,
3800.5,2025-12-03T15:20:30+00:00,W0131,wagon,rake_coupling_completed,WS_02,DAC,,,
3900.5,2025-12-03T17:00:30+00:00,W0183,wagon,rake_coupling_started,collection3,SCREW,,,
3900.5,2025-12-03T17:00:30+00:00,W0184,wagon,rake_coupling_started,collection3,SCREW,,,
3900.5,2025-12-03T17:00:30+00:00,W0195,wagon,rake_coupling_started,collection3,SCREW,,,
3900.5,2025-12-03T17:00:30+00:00,W0196,wagon,rake_coupling_started,collection3,SCREW,,,
3947.0,2025-12-03T17:47:00+00:00,W0171,wagon,rake_coupling_started,WS_03,DAC,,,
3947.0,2025-12-03T17:47:00+00:00,W0143,wagon,rake_coupling_started,WS_03,DAC,,,
3949.0,2025-12-03T17:49:00+00:00,W0171,wagon,rake_coupling_completed,WS_03,DAC,,,
3949.0,2025-12-03T17:49:00+00:00,W0143,wagon,rake_coupling_completed,WS_03,DAC,,,
3963.5,2025-12-03T18:03:30+00:00,W0132,wagon,rake_coupling_started,WS_01,DAC,,,
3963.5,2025-12-03T18:03:30+00:00,W0133,wagon,rake_coupling_started,WS_01,DAC,,,
3964.0,2025-12-03T18:04:00+00:00,W0172,wagon,rake_coupling_started,WS_02,DAC,,,
3964.0,2025-12-03T18:04:00+00:00,W0173,wagon,rake_coupling_started,WS_02,DAC,,,
3965.5,2025-12-03T18:05:30+00:00,W0132,wagon,rake_coupling_completed,WS_01,DAC,,,
3965.5,2025-12-03T18:05:30+00:00,W0133,wagon,rake_coupling_completed,WS_01,DAC,,,
3966.0,2025-12-03T18:06:00+00:00,W0172,wagon,rake_coupling_completed,WS_02,DAC,,,
3966.0,2025-12-03T18:06:00+00:00,W0173,wagon,rake_coupling_completed,WS_02,DAC,,,
4062.0,2025-12-03T19:42:00+00:00,W0190,wagon,rake_coupling_started,collection1,SCREW,,,
4062.0,2025-12-03T19:42:00+00:00,W0219,wagon,rake_coupling_started,collection1,SCREW,,,
4062.0,2025-12-03T19:42:00+00:00,W0220,wagon,rake_coupling_started,collection1,SCREW,,,
4062.5,2025-12-03T19:42:30+00:00,W0134,wagon,rake_coupling_started,WS_03,DAC,,,
4062.5,2025-12-03T19:42:30+00:00,W0145,wagon,rake_coupling_started,WS_03,DAC,,,
4064.5,2025-12-03T19:44:30+00:00,W0134,wagon,rake_coupling_completed,WS_03,DAC,,,
4064.5,2025-12-03T19:44:30+00:00,W0145,wagon,rake_coupling_completed,WS_03,DAC,,,
4071.0,2025-12-03T19:51:00+00:00,W0135,wagon,rake_coupling_started,WS_01,DAC,,,
4071.0,2025-12-03T19:51:00+00:00,W0136,wagon,rake_coupling_started,WS_01,DAC,,,
4073.0,2025-12-03T19:53:00+00:00,W0135,wagon,rake_coupling_completed,WS_01,DAC,,,
4073.0,2025-12-03T19:53:00+00:00,W0136,wagon,rake_coupling_completed,WS_01,DAC,,,
4114.0,2025-12-03T20:34:00+00:00,W0174,wagon,rake_coupling_started,WS_02,DAC,,,
4114.0,2025-12-03T20:34:00+00:00,W0175,wagon,rake_coupling_started,WS_02,DAC,,,
4116.0,2025-12-03T20:36:00+00:00,W0174,wagon,rake_coupling_completed,WS_02,DAC,,,
4116.0,2025-12-03T20:36:00+00:00,W0175,wagon,rake_coupling_completed,WS_02,DAC,,,
4169.5,2025-12-03T21:29:30+00:00,W0137,wagon,rake_coupling_started,WS_03,DAC,,,
4169.5,2025-12-03T21:29:30+00:00,W0154,wagon,rake_coupling_started,WS_03,DAC,,,
4171.5,2025-12-03T21:31:30+00:00,W0137,wagon,rake_coupling_completed,WS_03,DAC,,,
4171.5,2025-12-03T21:31:30+00:00,W0154,wagon,rake_coupling_completed,WS_03,DAC,,,
4209.0,2025-12-03T22:09:00+00:00,W0160,wagon,rake_coupling_started,collection2,SCREW,,,
4209.0,2025-12-03T22:09:00+00:00,W0161,wagon,rake_coupling_started,collection2,SCREW,,,
4209.0,2025-12-03T22:09:00+00:00,W0162,wagon,rake_coupling_started,collection2,SCREW,,,
4209.0,2025-12-03T22:09:00+00:00,W0163,wagon,rake_coupling_started,collection2,SCREW,,,
4209.0,2025-12-03T22:09:00+00:00,W0164,wagon,rake_coupling_started,collection2,SCREW,,,
4212.5,2025-12-03T22:12:30+00:00,W0146,wagon,rake_coupling_started,WS_01,DAC,,,
4212.5,2025-12-03T22:12:30+00:00,W0176,wagon,rake_coupling_started,WS_01,DAC,,,
4213.0,2025-12-03T22:13:00+00:00,W0155,wagon,rake_coupling_started,WS_02,DAC,,,
4213.0,2025-12-03T22:13:00+00:00,W0156,wagon,rake_coupling_started,WS_02,DAC,,,
4214.5,2025-12-03T22:14:30+00:00,W0146,wagon,rake_coupling_completed,WS_01,DAC,,,
4214.5,2025-12-03T22:14:30+00:00,W0176,wagon,rake_coupling_completed,WS_01,DAC,,,
4215.0,2025-12-03T22:15:00+00:00,W0155,wagon,rake_coupling_completed,WS_02,DAC,,,
4215.0,2025-12-03T22:15:00+00:00,W0156,wagon,rake_coupling_completed,WS_02,DAC,,,
4268.0,2025-12-03T23:08:00+00:00,W0177,wagon,rake_coupling_started,WS_03,DAC,,,
4268.0,2025-12-03T23:08:00+00:00,W0178,wagon,rake_coupling_started,WS_03,DAC,,,
4270.0,2025-12-03T23:10:00+00:00,W0177,wagon,rake_coupling_completed,WS_03,DAC,,,
4270.0,2025-12-03T23:10:00+00:00,W0178,wagon,rake_coupling_completed,WS_03,DAC,,,
4311.0,2025-12-03T23:51:00+00:00,W0147,wagon,rake_coupling_started,WS_01,DAC,,,
4311.0,2025-12-03T23:51:00+00:00,W0157,wagon,rake_coupling_started,WS_01,DAC,,,
4311.5,2025-12-03T23:51:30+00:00,W0179,wagon,rake_coupling_started,WS_02,DAC,,,
4311.5,2025-12-03T23:51:30+00:00,W0148,wagon,rake_coupling_started,WS_02,DAC,,,
4313.0,2025-12-03T23:53:00+00:00,W0147,wagon,rake_coupling_completed,WS_01,DAC,,,
4313.0,2025-12-03T23:53:00+00:00,W0157,wagon,rake_coupling_completed,WS_01,DAC,,,
4313.5,2025-12-03T23:53:30+00:00,W0179,wagon,rake_coupling_completed,WS_02,DAC,,,
4313.5,2025-12-03T23:53:30+00:00,W0148,wagon,rake_coupling_completed,WS_02,DAC,,,
4366.5,2025-12-04T00:46:30+00:00,W0158,wagon,rake_coupling_started,WS_03,DAC,,,
4366.5,2025-12-04T00:46:30+00:00,W0180,wagon,rake_coupling_started,WS_03,DAC,,,
4368.5,2025-12-04T00:48:30+00:00,W0158,wagon,rake_coupling_completed,WS_03,DAC,,,
4368.5,2025-12-04T00:48:30+00:00,W0180,wagon,rake_coupling_completed,WS_03,DAC,,,
4372.0,2025-12-04T00:52:00+00:00,W0191,wagon,rake_coupling_started,collection2,SCREW,,,
4372.0,2025-12-04T00:52:00+00:00,W0192,wagon,rake_coupling_started,collection2,SCREW,,,
4372.0,2025-12-04T00:52:00+00:00,W0193,wagon,rake_coupling_started,collection2,SCREW,,,
4372.0,2025-12-04T00:52:00+00:00,W0194,wagon,rake_coupling_started,collection2,SCREW,,,
4372.0,2025-12-04T00:52:00+00:00,W0221,wagon,rake_coupling_started,collection2,SCREW,,,
4372.0,2025-12-04T00:52:00+00:00,W0224,wagon,rake_coupling_started,collection2,SCREW,,,
4409.5,2025-12-04T01:29:30+00:00,W0149,wagon,rake_coupling_started,WS_01,DAC,,,
4409.5,2025-12-04T01:29:30+00:00,W0187,wagon,rake_coupling_started,WS_01,DAC,,,
4410.0,2025-12-04T01:30:00+00:00,W0181,wagon,rake_coupling_started,WS_02,DAC,,,
4410.0,2025-12-04T01:30:00+00:00,W0182,wagon,rake_coupling_started,WS_02,DAC,,,
4411.5,2025-12-04T01:31:30+00:00,W0149,wagon,rake_coupling_completed,WS_01,DAC,,,
4411.5,2025-12-04T01:31:30+00:00,W0187,wagon,rake_coupling_completed,WS_01,DAC,,,
4412.0,2025-12-04T01:32:00+00:00,W0181,wagon,rake_coupling_completed,WS_02,DAC,,,
4412.0,2025-12-04T01:32:00+00:00,W0182,wagon,rake_coupling_completed,WS_02,DAC,,,
4465.0,2025-12-04T02:25:00+00:00,W0188,wagon,rake_coupling_started,WS_03,DAC,,,
4465.0,2025-12-04T02:25:00+00:00,W0153,wagon,rake_coupling_started,WS_03,DAC,,,
4467.0,2025-12-04T02:27:00+00:00,W0188,wagon,rake_coupling_completed,WS_03,DAC,,,
4467.0,2025-12-04T02:27:00+00:00,W0153,wagon,rake_coupling_completed,WS_03,DAC,,,
4508.0,2025-12-04T03:08:00+00:00,W0183,wagon,rake_coupling_started,WS_01,DAC,,,
4508.0,2025-12-04T03:08:00+00:00,W0184,wagon,rake_coupling_started,WS_01,DAC,,,
4508.5,2025-12-04T03:08:30+00:00,W0189,wagon,rake_coupling_started,WS_02,DAC,,,
4508.5,2025-12-04T03:08:30+00:00,W0190,wagon,rake_coupling_started,WS_02,DAC,,,
4510.0,2025-12-04T03:10:00+00:00,W0183,wagon,rake_coupling_completed,WS_01,DAC,,,
4510.0,2025-12-04T03:10:00+00:00,W0184,wagon,rake_coupling_completed,WS_01,DAC,,,
4510.5,2025-12-04T03:10:30+00:00,W0189,wagon,rake_coupling_completed,WS_02,DAC,,,
4510.5,2025-12-04T03:10:30+00:00,W0190,wagon,rake_coupling_completed,WS_02,DAC,,,
4563.5,2025-12-04T04:03:30+00:00,W0195,wagon,rake_coupling_started,WS_03,DAC,,,
4563.5,2025-12-04T04:03:30+00:00,W0196,wagon,rake_coupling_started,WS_03,DAC,,,
4565.5,2025-12-04T04:05:30+00:00,W0195,wagon,rake_coupling_completed,WS_03,DAC,,,
4565.5,2025-12-04T04:05:30+00:00,W0196,wagon,rake_coupling_completed,WS_03,DAC,,,
4606.5,2025-12-04T04:46:30+00:00,W0219,wagon,rake_coupling_started,WS_01,DAC,,,
4606.5,2025-12-04T04:46:30+00:00,W0220,wagon,rake_coupling_started,WS_01,DAC,,,
4607.0,2025-12-04T04:47:00+00:00,W0159,wagon,rake_coupling_started,WS_02,DAC,,,
4607.0,2025-12-04T04:47:00+00:00,W0160,wagon,rake_coupling_started,WS_02,DAC,,,
4608.5,2025-12-04T04:48:30+00:00,W0219,wagon,rake_coupling_completed,WS_01,DAC,,,
4608.5,2025-12-04T04:48:30+00:00,W0220,wagon,rake_coupling_completed,WS_01,DAC,,,
4609.0,2025-12-04T04:49:00+00:00,W0159,wagon,rake_coupling_completed,WS_02,DAC,,,
4609.0,2025-12-04T04:49:00+00:00,W0160,wagon,rake_coupling_completed,WS_02,DAC,,,
4662.0,2025-12-04T05:42:00+00:00,W0191,wagon,rake_coupling_started,WS_03,DAC,,,
4662.0,2025-12-04T05:42:00+00:00,W0192,wagon,rake_coupling_started,WS_03,DAC,,,
4664.0,2025-12-04T05:44:00+00:00,W0191,wagon,rake_coupling_completed,WS_03,DAC,,,
4664.0,2025-12-04T05:44:00+00:00,W0192,wagon,rake_coupling_completed,WS_03,DAC,,,
4705.0,2025-12-04T06:25:00+00:00,W0161,wagon,rake_coupling_started,WS_01,DAC,,,
4705.0,2025-12-04T06:25:00+00:00,W0162,wagon,rake_coupling_started,WS_01,DAC,,,
4705.5,2025-12-04T06:25:30+00:00,W0193,wagon,rake_coupling_started,WS_02,DAC,,,
4705.5,2025-12-04T06:25:30+00:00,W0194,wagon,rake_coupling_started,WS_02,DAC,,,
4707.0,2025-12-04T06:27:00+00:00,W0161,wagon,rake_coupling_completed,WS_01,DAC,,,
4707.0,2025-12-04T06:27:00+00:00,W0162,wagon,rake_coupling_completed,WS_01,DAC,,,
4707.5,2025-12-04T06:27:30+00:00,W0193,wagon,rake_coupling_completed,WS_02,DAC,,,
4707.5,2025-12-04T06:27:30+00:00,W0194,wagon,rake_coupling_completed,WS_02,DAC,,,
4760.5,2025-12-04T07:20:30+00:00,W0163,wagon,rake_coupling_started,WS_03,DAC,,,
4760.5,2025-12-04T07:20:30+00:00,W0164,wagon,rake_coupling_started,WS_03,DAC,,,
4762.5,2025-12-04T07:22:30+00:00,W0163,wagon,rake_coupling_completed,WS_03,DAC,,,
4762.5,2025-12-04T07:22:30+00:00,W0164,wagon,rake_coupling_completed,WS_03,DAC,,,
4803.5,2025-12-04T08:03:30+00:00,W0221,wagon,rake_coupling_started,WS_01,DAC,,,
4803.5,2025-12-04T08:03:30+00:00,W0224,wagon,rake_coupling_started,WS_01,DAC,,,
4805.5,2025-12-04T08:05:30+00:00,W0221,wagon,rake_coupling_completed,WS_01,DAC,,,
4805.5,2025-12-04T08:05:30+00:00,W0224,wagon,rake_coupling_completed,WS_01,DAC,,,
